0.00221,0.00211,0.00010,5
0.02672,0.02578,0.00094,5
0.02886,0.02876,0.00010,5
0.02957,0.02947,0.00010,5
0.03117,0.03107,0.00010,5
0.10043,0.09856,0.00187,5
0.14439,0.14429,0.00010,5
0.23289,0.23240,0.00049,5
0.24585,0.24411,0.00174,5
0.25109,0.25063,0.00046,5
0.26049,0.25976,0.00073,5
0.26342,0.26249,0.00093,5
0.26626,0.26538,0.00088,5
0.29562,0.29446,0.00116,5
0.34556,0.34439,0.00117,5
0.45075,0.45017,0.00057,5
0.48175,0.47998,0.00177,5
0.54892,0.54838,0.00054,5
0.56064,0.55982,0.00082,5
0.56762,0.56699,0.00063,5
0.57690,0.57605,0.00085,5
0.59008,0.58949,0.00060,5
0.59701,0.59691,0.00010,5
0.68725,0.68406,0.00319,5
0.68735,0.68725,0.00010,5
0.71557,0.71538,0.00019,5
0.77999,0.77960,0.00038,5
0.85166,0.85093,0.00073,5
0.93457,0.93323,0.00134,5
0.95452,0.95389,0.00062,5
0.99010,0.98960,0.00050,5
0.99445,0.99238,0.00207,5
1.03039,1.02873,0.00166,5
1.05255,1.05143,0.00112,5
1.05573,1.05438,0.00134,5
1.10595,1.10525,0.00071,5
1.13940,1.13916,0.00024,5
1.17128,1.17037,0.00091,5
1.20792,1.20782,0.00010,5
1.22950,1.22902,0.00048,5
1.23883,1.23802,0.00082,5
1.24551,1.24481,0.00069,5
1.26337,1.26327,0.00010,5
1.27858,1.27848,0.00010,5
1.30506,1.30496,0.00010,5
1.30723,1.30582,0.00140,5
1.30974,1.30723,0.00251,5
1.32328,1.32318,0.00010,5
1.43676,1.43666,0.00010,5
1.44406,1.44297,0.00109,5
1.44563,1.44406,0.00157,5
1.52657,1.52482,0.00175,5
1.52685,1.52657,0.00028,5
1.52767,1.52690,0.00077,5
1.54689,1.54679,0.00010,5
1.55477,1.55459,0.00018,5
1.56769,1.56759,0.00010,5
1.58166,1.57951,0.00215,5
1.63012,1.63002,0.00010,5
1.67210,1.67158,0.00052,5
1.69597,1.69587,0.00010,5
1.70041,1.69861,0.00180,5
1.70584,1.70417,0.00166,5
1.73884,1.73822,0.00063,5
1.74278,1.74093,0.00185,5
1.75871,1.75816,0.00054,5
1.80458,1.80448,0.00010,5
1.80640,1.80549,0.00091,5
1.80656,1.80646,0.00010,5
1.80820,1.80800,0.00020,5
1.82591,1.82374,0.00217,5
1.83108,1.83068,0.00040,5
1.85538,1.85528,0.00010,5
1.88032,1.88016,0.00016,5
1.98661,1.98560,0.00101,5
1.99818,1.99808,0.00010,5
2.07183,2.07173,0.00010,5
2.13946,2.13780,0.00166,5
2.15162,2.15152,0.00010,5
2.17263,2.17231,0.00032,5
2.17543,2.17375,0.00169,5
2.19382,2.19372,0.00010,5
2.23042,2.22744,0.00297,5
2.26788,2.26778,0.00010,5
2.27377,2.27199,0.00178,5
2.31881,2.31696,0.00184,5
2.37684,2.37507,0.00177,5
2.38275,2.38245,0.00030,5
2.40856,2.40746,0.00110,5
2.41558,2.41548,0.00010,5
2.43983,2.43973,0.00010,5
2.48556,2.48518,0.00038,5
2.56518,2.56441,0.00077,5
2.56551,2.56518,0.00033,5
2.57046,2.57036,0.00010,5
2.58932,2.58922,0.00010,5
2.65063,2.65053,0.00010,5
2.66617,2.66607,0.00010,5
2.70166,2.70003,0.00162,5
2.79616,2.79454,0.00162,5
2.80100,2.79933,0.00167,5
2.86989,2.86907,0.00082,5
2.88064,2.88054,0.00010,5
2.88274,2.88150,0.00124,5
2.89072,2.89062,0.00010,5
2.89588,2.89491,0.00097,5
2.90694,2.90536,0.00158,5
2.93238,2.93228,0.00010,5
3.06981,3.06971,0.00010,5
3.09843,3.09833,0.00010,5
3.15846,3.15836,0.00010,5
3.20496,3.20486,0.00010,5
3.22335,3.22213,0.00122,5
3.22632,3.22622,0.00010,5
3.25404,3.25394,0.00010,5
3.26431,3.26213,0.00218,5
3.38960,3.38904,0.00056,5
3.40116,3.40029,0.00087,5
3.41411,3.41122,0.00289,5
3.43413,3.43346,0.00067,5
3.44445,3.44377,0.00068,5
3.49638,3.49583,0.00055,5
3.50184,3.49964,0.00220,5
3.54397,3.54289,0.00108,5
3.54951,3.54742,0.00209,5
3.60858,3.60646,0.00212,5
3.61333,3.61169,0.00164,5
3.62494,3.62306,0.00187,5
3.73641,3.73530,0.00111,5
3.73651,3.73641,0.00010,5
3.77212,3.77202,0.00010,5
3.78349,3.78198,0.00151,5
3.80836,3.80701,0.00136,5
3.81188,3.81164,0.00024,5
3.88217,3.88012,0.00204,5
3.88227,3.88217,0.00010,5
4.00151,4.00075,0.00076,5
4.00504,4.00442,0.00062,5
4.00695,4.00621,0.00074,5
4.00805,4.00795,0.00010,5
4.02889,4.02799,0.00090,5
4.05162,4.05149,0.00013,5
4.09509,4.09499,0.00010,5
4.12491,4.12467,0.00024,5
4.18044,4.17971,0.00073,5
4.18295,4.18180,0.00116,5
4.19871,4.19606,0.00265,5
4.20645,4.20554,0.00092,5
4.22931,4.22770,0.00161,5
4.29389,4.29141,0.00248,5
4.29861,4.29843,0.00018,5
4.31220,4.31210,0.00010,5
4.41961,4.41748,0.00213,5
4.48241,4.48074,0.00166,5
4.49400,4.49328,0.00072,5
4.51434,4.51309,0.00125,5
4.52788,4.52778,0.00010,5
4.55646,4.55617,0.00030,5
4.64327,4.64262,0.00066,5
4.65032,4.65022,0.00010,5
4.67703,4.67447,0.00256,5
4.74183,4.74087,0.00097,5
4.76530,4.76520,0.00010,5
4.78653,4.78620,0.00033,5
4.80184,4.80174,0.00010,5
4.81679,4.81627,0.00052,5
4.84690,4.84568,0.00122,5
4.85157,4.85000,0.00157,5
4.85759,4.85523,0.00237,5
4.86634,4.86538,0.00097,5
4.89699,4.89689,0.00010,5
4.91808,4.91798,0.00010,5
4.97997,4.97838,0.00159,5
4.98290,4.98047,0.00243,5
5.02817,5.02718,0.00099,5
5.03230,5.02981,0.00249,5
5.04409,5.04301,0.00108,5
5.05503,5.05493,0.00010,5
5.06260,5.06231,0.00028,5
5.09241,5.09024,0.00217,5
5.15468,5.15300,0.00168,5
5.20228,5.20151,0.00077,5
5.21591,5.21581,0.00010,5
5.24168,5.24158,0.00010,5
5.26241,5.26117,0.00123,5
5.29730,5.29720,0.00010,5
5.31817,5.31807,0.00010,5
5.33552,5.33470,0.00082,5
5.33699,5.33616,0.00083,5
5.33994,5.33699,0.00295,5
5.34120,5.33994,0.00126,5
5.34380,5.34356,0.00025,5
5.36901,5.36830,0.00071,5
5.46330,5.46249,0.00080,5
5.47776,5.47671,0.00105,5
5.58746,5.58716,0.00030,5
5.60040,5.59972,0.00067,5
5.61884,5.61712,0.00172,5
5.67329,5.67302,0.00027,5
5.71552,5.71425,0.00127,5
5.74967,5.74736,0.00231,5
5.75075,5.74967,0.00108,5
5.76156,5.76146,0.00010,5
5.78442,5.78259,0.00183,5
5.79123,5.79112,0.00011,5
5.79281,5.79271,0.00010,5
5.79552,5.79542,0.00010,5
5.80712,5.80640,0.00072,5
5.83439,5.83204,0.00236,5
5.83774,5.83764,0.00010,5
5.84456,5.84264,0.00192,5
5.88299,5.88272,0.00028,5
5.90362,5.90086,0.00275,5
5.90630,5.90615,0.00015,5
5.95490,5.95328,0.00162,5
5.98859,5.98849,0.00010,5
6.01651,6.01569,0.00082,5
6.02537,6.02479,0.00058,5
6.10179,6.10169,0.00010,5
6.14163,6.14079,0.00084,5
6.26764,6.26687,0.00077,5
6.31476,6.31278,0.00198,5
6.37564,6.37544,0.00020,5
6.38212,6.38112,0.00100,5
6.39429,6.39419,0.00010,5
6.45886,6.45725,0.00160,5
6.48768,6.48758,0.00010,5
6.52101,6.51747,0.00354,5
6.54984,6.54821,0.00163,5
6.56266,6.56118,0.00148,5
6.62315,6.62253,0.00062,5
6.66940,6.66930,0.00010,5
6.73034,6.72945,0.00089,5
6.79567,6.79557,0.00010,5
6.84868,6.84743,0.00125,5
6.86371,6.86312,0.00058,5
6.91840,6.91830,0.00010,5
6.92687,6.92388,0.00298,5
6.94406,6.94321,0.00085,5
6.96793,6.96783,0.00010,5
7.02126,7.02026,0.00100,5
7.07668,7.07658,0.00010,5
7.08250,7.08150,0.00100,5
7.12373,7.12265,0.00108,5
7.12383,7.12373,0.00010,5
7.15115,7.15042,0.00073,5
7.17469,7.17414,0.00055,5
7.20597,7.20587,0.00010,5
7.23288,7.23223,0.00065,5
7.28158,7.27981,0.00177,5
7.30916,7.30892,0.00024,5
7.32970,7.32960,0.00010,5
7.34897,7.34848,0.00050,5
7.35659,7.35566,0.00093,5
7.37060,7.36978,0.00081,5
7.42824,7.42777,0.00046,5
7.51218,7.51201,0.00016,5
7.53236,7.53177,0.00059,5
7.54114,7.53975,0.00139,5
7.56637,7.56627,0.00010,5
7.57644,7.57634,0.00010,5
7.57947,7.57937,0.00010,5
7.60116,7.60106,0.00010,5
7.61810,7.61709,0.00101,5
7.83274,7.83264,0.00010,5
7.87471,7.87461,0.00010,5
7.87591,7.87581,0.00010,5
7.92320,7.92127,0.00193,5
7.94712,7.94641,0.00070,5
7.96180,7.96170,0.00010,5
7.97154,7.97054,0.00099,5
7.97561,7.97451,0.00110,5
7.97723,7.97698,0.00025,5
8.00475,8.00465,0.00010,5
8.00988,8.00890,0.00098,5
8.05217,8.05207,0.00010,5
8.06113,8.05927,0.00186,5
8.07977,8.07755,0.00222,5
8.14264,8.14090,0.00174,5
8.28496,8.28385,0.00111,5
8.29985,8.29908,0.00077,5
8.34852,8.34735,0.00118,5
8.34994,8.34925,0.00069,5
8.35732,8.35690,0.00042,5
8.40407,8.40397,0.00010,5
8.44101,8.44052,0.00048,5
8.46434,8.46309,0.00125,5
8.55757,8.55477,0.00280,5
8.59214,8.59204,0.00010,5
8.60376,8.60219,0.00157,5
8.61738,8.61707,0.00031,5
8.64646,8.64555,0.00091,5
8.65505,8.65308,0.00197,5
8.66433,8.66327,0.00107,5
8.74467,8.74278,0.00189,5
8.74563,8.74467,0.00096,5
8.81520,8.81492,0.00027,5
8.83081,8.83019,0.00062,5
8.84244,8.84234,0.00010,5
8.87027,8.86994,0.00033,5
8.91128,8.90858,0.00270,5
9.01298,9.01158,0.00140,5
9.01761,9.01751,0.00010,5
9.04678,9.04507,0.00171,5
9.11357,9.11347,0.00010,5
9.11657,9.11608,0.00049,5
9.14984,9.14820,0.00164,5
9.15792,9.15677,0.00115,5
9.21898,9.21558,0.00340,5
9.25240,9.25125,0.00115,5
9.27906,9.27896,0.00010,5
9.34102,9.33994,0.00108,5
9.40954,9.40797,0.00158,5
9.43200,9.43139,0.00061,5
9.46043,9.46033,0.00010,5
9.46696,9.46461,0.00234,5
9.47118,9.47108,0.00010,5
9.48977,9.48967,0.00010,5
9.55327,9.55188,0.00139,5
9.58675,9.58656,0.00019,5
9.67161,9.66941,0.00220,5
9.68964,9.68854,0.00109,5
9.71242,9.71145,0.00097,5
9.72425,9.72229,0.00196,5
9.74038,9.73914,0.00124,5
9.74693,9.74571,0.00121,5
9.75014,9.74991,0.00023,5
9.96306,9.96296,0.00010,5
9.98959,9.98937,0.00022,5
10.02648,10.02529,0.00119,5
10.04712,10.04662,0.00049,5
10.04875,10.04865,0.00010,5
10.13666,10.13627,0.00039,5
10.16865,10.16721,0.00145,5
10.23653,10.23643,0.00010,5
10.24147,10.24137,0.00010,5
10.25535,10.25525,0.00010,5
10.27182,10.27003,0.00179,5
10.35139,10.35129,0.00010,5
10.40368,10.40285,0.00082,5
10.47503,10.47413,0.00090,5
10.49308,10.49298,0.00010,5
10.52679,10.52669,0.00010,5
10.53131,10.53121,0.00010,5
10.54166,10.54156,0.00010,5
10.57848,10.57726,0.00122,5
10.57858,10.57848,0.00010,5
10.58774,10.58577,0.00198,5
10.58900,10.58774,0.00126,5
10.59154,10.59005,0.00149,5
10.60483,10.60385,0.00097,5
10.62231,10.62163,0.00069,5
10.65166,10.64901,0.00264,5
10.66590,10.66473,0.00117,5
10.66642,10.66632,0.00010,5
10.66980,10.66953,0.00027,5
10.71674,10.71664,0.00010,5
10.72052,10.71840,0.00212,5
10.77627,10.77578,0.00048,5
10.78076,10.77944,0.00132,5
10.79211,10.79153,0.00059,5
10.79855,10.79668,0.00187,5
10.79954,10.79855,0.00099,5
10.83796,10.83786,0.00010,5
10.86782,10.86772,0.00010,5
10.87921,10.87911,0.00010,5
10.89766,10.89742,0.00024,5
10.91912,10.91884,0.00029,5
10.92257,10.92149,0.00108,5
10.97349,10.97339,0.00010,5
11.03536,11.03334,0.00201,5
11.09308,11.09219,0.00089,5
11.13757,11.13587,0.00170,5
11.16655,11.16507,0.00148,5
11.21506,11.21322,0.00185,5
11.25569,11.25489,0.00080,5
11.29819,11.29796,0.00023,5
11.33678,11.33555,0.00124,5
11.34716,11.34498,0.00218,5
11.34954,11.34887,0.00067,5
11.35306,11.35296,0.00010,5
11.38860,11.38713,0.00147,5
11.45668,11.45658,0.00010,5
11.46386,11.46299,0.00086,5
11.50468,11.50276,0.00192,5
11.53043,11.52942,0.00100,5
11.54297,11.54274,0.00023,5
11.59311,11.59191,0.00120,5
11.59387,11.59377,0.00010,5
11.60073,11.60063,0.00010,5
11.60434,11.60296,0.00138,5
11.60571,11.60561,0.00010,5
11.60839,11.60829,0.00010,5
11.61725,11.61437,0.00288,5
11.62148,11.62064,0.00084,5
11.63670,11.63484,0.00186,5
11.74091,11.73975,0.00116,5
11.74271,11.74261,0.00010,5
11.77698,11.77688,0.00010,5
11.81336,11.81326,0.00010,5
11.82970,11.82957,0.00014,5
11.83028,11.83018,0.00010,5
11.87682,11.87485,0.00196,5
11.93164,11.93154,0.00010,5
11.94016,11.93812,0.00204,5
12.00061,12.00023,0.00038,5
12.01442,12.01199,0.00244,5
12.01968,12.01770,0.00198,5
12.04759,12.04692,0.00067,5
12.10024,12.09866,0.00158,5
12.10795,12.10757,0.00038,5
12.17067,12.16990,0.00077,5
12.18355,12.18263,0.00092,5
12.18899,12.18814,0.00086,5
12.20313,12.20158,0.00155,5
12.26587,12.26430,0.00157,5
12.27795,12.27758,0.00037,5
12.52165,12.51931,0.00234,5
12.54568,12.54558,0.00010,5
12.54580,12.54568,0.00013,5
12.55506,12.55496,0.00010,5
12.65443,12.65352,0.00091,5
12.67460,12.67351,0.00109,5
12.69890,12.69821,0.00069,5
12.71861,12.71851,0.00010,5
12.75038,12.75021,0.00018,5
12.79155,12.79039,0.00115,5
12.80080,12.80070,0.00010,5
12.81696,12.81686,0.00010,5
12.81910,12.81900,0.00010,5
12.82947,12.82748,0.00199,5
12.88867,12.88757,0.00110,5
12.93235,12.93157,0.00078,5
12.94402,12.94371,0.00031,5
12.97950,12.97881,0.00069,5
12.98229,12.98219,0.00010,5
12.98709,12.98699,0.00010,5
13.02726,13.02390,0.00337,5
13.03681,13.03671,0.00010,5
13.09583,13.09572,0.00011,5
13.15581,13.15427,0.00154,5
13.17058,13.17004,0.00055,5
13.18142,13.17974,0.00168,5
13.18999,13.18856,0.00143,5
13.21170,13.21159,0.00011,5
13.23403,13.23384,0.00019,5
13.23449,13.23439,0.00010,5
13.24573,13.24438,0.00136,5
13.28405,13.28395,0.00010,5
13.33261,13.33251,0.00010,5
13.38098,13.38078,0.00020,5
13.42917,13.42779,0.00138,5
13.43562,13.43529,0.00033,5
13.46846,13.46600,0.00245,5
13.55135,13.54927,0.00208,5
13.57018,13.56992,0.00026,5
13.58094,13.58061,0.00033,5
13.58286,13.58276,0.00010,5
13.59219,13.58931,0.00288,5
13.59868,13.59820,0.00048,5
13.62118,13.62108,0.00010,5
13.62727,13.62630,0.00097,5
13.69284,13.69274,0.00010,5
13.70570,13.70315,0.00254,5
13.71609,13.71599,0.00010,5
13.74507,13.74392,0.00115,5
13.75640,13.75412,0.00228,5
13.77872,13.77740,0.00132,5
13.78523,13.78513,0.00010,5
13.78779,13.78761,0.00017,5
13.80914,13.80904,0.00010,5
13.83690,13.83680,0.00010,5
13.89179,13.88962,0.00216,5
13.94246,13.94166,0.00080,5
13.96190,13.96096,0.00093,5
13.96647,13.96623,0.00023,5
14.00396,14.00386,0.00010,5
14.04362,14.04352,0.00010,5
14.10228,14.10218,0.00010,5
14.13094,14.12796,0.00297,5
14.14833,14.14735,0.00098,5
14.18659,14.18512,0.00147,5
14.19749,14.19739,0.00010,5
14.22214,14.22204,0.00010,5
14.23377,14.23367,0.00010,5
14.23660,14.23436,0.00224,5
14.32747,14.32696,0.00051,5
14.36005,14.35745,0.00260,5
14.37939,14.37929,0.00010,5
14.39391,14.39247,0.00144,5
14.41969,14.41945,0.00024,5
14.43814,14.43723,0.00091,5
14.49288,14.49127,0.00161,5
14.49570,14.49442,0.00128,5
14.55291,14.55167,0.00124,5
14.56778,14.56753,0.00025,5
14.58534,14.58376,0.00158,5
14.60570,14.60555,0.00015,5
14.68036,14.68026,0.00010,5
14.73757,14.73687,0.00070,5
14.75579,14.75491,0.00089,5
14.76038,14.75950,0.00088,5
14.76866,14.76856,0.00010,5
14.77195,14.76911,0.00284,5
14.82324,14.82162,0.00162,5
14.89268,14.89230,0.00038,5
14.93375,14.93365,0.00010,5
14.94415,14.94217,0.00199,5
14.94425,14.94415,0.00010,5
14.96169,14.96137,0.00031,5
14.96583,14.96487,0.00096,5
14.98004,14.97960,0.00044,5
15.00289,15.00279,0.00010,5
15.04262,15.04121,0.00141,5
15.04320,15.04310,0.00010,5
15.05167,15.05064,0.00103,5
15.07128,15.07118,0.00010,5
15.09035,15.08925,0.00109,5
15.12737,15.12682,0.00055,5
15.18560,15.18507,0.00053,5
15.29834,15.29710,0.00124,5
15.30673,15.30663,0.00010,5
15.32717,15.32555,0.00162,5
15.34790,15.34780,0.00010,5
15.35389,15.35379,0.00010,5
15.37520,15.37466,0.00055,5
15.42896,15.42817,0.00079,5
15.45639,15.45493,0.00146,5
15.45731,15.45639,0.00092,5
15.47654,15.47644,0.00010,5
15.55491,15.55456,0.00035,5
15.56465,15.56455,0.00010,5
15.58191,15.58065,0.00126,5
15.61778,15.61768,0.00010,5
15.72394,15.72330,0.00064,5
15.76178,15.76097,0.00081,5
15.77508,15.77413,0.00095,5
15.78338,15.78328,0.00010,5
15.79970,15.79907,0.00063,5
15.80922,15.80912,0.00010,5
15.88447,15.88359,0.00088,5
15.93515,15.93490,0.00025,5
15.94132,15.94018,0.00114,5
15.99552,15.99400,0.00152,5
16.03266,16.03256,0.00010,5
16.08682,16.08672,0.00010,5
16.11573,16.11557,0.00016,5
16.11973,16.11963,0.00010,5
16.14219,16.14209,0.00010,5
16.15459,16.15411,0.00048,5
16.21054,16.20936,0.00118,5
16.23143,16.23056,0.00087,5
16.24017,16.24007,0.00010,5
16.25000,16.24990,0.00010,5
16.33789,16.33779,0.00010,5
16.37089,16.36972,0.00118,5
16.38951,16.38913,0.00038,5
16.40504,16.40438,0.00066,5
16.45234,16.45224,0.00010,5
16.46752,16.46742,0.00010,5
16.52004,16.51834,0.00171,5
16.56871,16.56813,0.00058,5
16.58824,16.58709,0.00114,5
16.61889,16.61587,0.00302,5
16.65789,16.65741,0.00048,5
16.73704,16.73559,0.00145,5
16.73904,16.73871,0.00033,5
16.78545,16.78502,0.00043,5
16.84091,16.83971,0.00121,5
16.89183,16.89103,0.00079,5
16.91744,16.91733,0.00011,5
17.06352,17.06083,0.00270,5
17.06434,17.06352,0.00082,5
17.12454,17.12319,0.00135,5
17.14089,17.14079,0.00010,5
17.22393,17.22283,0.00110,5
17.28442,17.28432,0.00010,5
17.31367,17.31155,0.00212,5
17.38583,17.38496,0.00087,5
17.39074,17.38953,0.00121,5
17.40362,17.40147,0.00215,5
17.42389,17.42251,0.00138,5
17.44006,17.43822,0.00185,5
17.45531,17.45435,0.00096,5
17.48781,17.48622,0.00159,5
17.49463,17.49351,0.00112,5
17.57402,17.57355,0.00048,5
17.58184,17.58174,0.00010,5
17.61804,17.61745,0.00059,5
17.62350,17.62340,0.00010,5
17.67120,17.67035,0.00085,5
17.80152,17.79972,0.00180,5
17.85527,17.85507,0.00020,5
17.85695,17.85638,0.00057,5
17.90244,17.90101,0.00143,5
17.91829,17.91653,0.00175,5
17.91890,17.91858,0.00033,5
17.92509,17.92433,0.00075,5
17.92693,17.92597,0.00095,5
17.93132,17.93122,0.00010,5
17.94480,17.94337,0.00143,5
17.94962,17.94814,0.00148,5
18.00382,18.00339,0.00044,5
18.02101,18.01987,0.00115,5
18.05302,18.05292,0.00010,5
18.06488,18.06363,0.00125,5
18.10784,18.10774,0.00010,5
18.12804,18.12783,0.00021,5
18.14428,18.14418,0.00010,5
18.15007,18.14875,0.00132,5
18.15953,18.15789,0.00164,5
18.15982,18.15953,0.00028,5
18.17361,18.17351,0.00010,5
18.22285,18.22275,0.00010,5
18.22772,18.22762,0.00010,5
18.22932,18.22922,0.00010,5
18.23378,18.23146,0.00232,5
18.27936,18.27923,0.00012,5
18.31910,18.31670,0.00240,5
18.38576,18.38448,0.00128,5
18.40827,18.40817,0.00010,5
18.41712,18.41702,0.00010,5
18.42287,18.42067,0.00220,5
18.47930,18.47847,0.00083,5
18.56214,18.56204,0.00010,5
18.58086,18.57963,0.00122,5
18.71280,18.71270,0.00010,5
18.71921,18.71790,0.00130,5
18.75116,18.75106,0.00010,5
18.75869,18.75834,0.00036,5
18.76532,18.76377,0.00155,5
18.80822,18.80596,0.00226,5
18.90133,18.89978,0.00155,5
18.90500,18.90133,0.00367,5
18.90909,18.90812,0.00096,5
18.93519,18.93500,0.00019,5
18.95451,18.95246,0.00205,5
18.96406,18.96396,0.00010,5
18.96435,18.96425,0.00010,5
18.97948,18.97804,0.00144,5
18.98935,18.98912,0.00023,5
18.99059,18.99018,0.00041,5
18.99073,18.99063,0.00010,5
18.99266,18.99250,0.00015,5
18.99589,18.99416,0.00173,5
19.02082,19.01984,0.00097,5
19.09299,19.09289,0.00010,5
19.11173,19.11147,0.00025,5
19.16732,19.16655,0.00077,5
19.17307,19.17297,0.00010,5
19.26457,19.26380,0.00077,5
19.35220,19.35169,0.00051,5
19.39716,19.39705,0.00011,5
19.43941,19.43779,0.00162,5
19.44774,19.44764,0.00010,5
19.56576,19.56566,0.00010,5
19.61157,19.61023,0.00134,5
19.70283,19.70242,0.00041,5
19.70695,19.70620,0.00075,5
19.71506,19.71490,0.00016,5
19.72991,19.72787,0.00203,5
19.74800,19.74779,0.00021,5
19.75772,19.75762,0.00010,5
19.81074,19.81048,0.00027,5
19.87098,19.86935,0.00162,5
19.88538,19.88528,0.00010,5
19.99152,19.99126,0.00026,5
19.99585,19.99503,0.00082,5
20.05126,20.05052,0.00074,5
20.12642,20.12579,0.00063,5
20.14391,20.14329,0.00062,5
20.20884,20.20757,0.00128,5
20.24545,20.24531,0.00014,5
20.27499,20.27489,0.00010,5
20.30098,20.29925,0.00174,5
20.31727,20.31641,0.00085,5
20.33127,20.32972,0.00155,5
20.33270,20.33236,0.00034,5
20.38063,20.37904,0.00158,5
20.39597,20.39546,0.00051,5
20.40165,20.40056,0.00109,5
20.41008,20.40998,0.00010,5
20.42948,20.42744,0.00204,5
20.49188,20.49178,0.00010,5
20.49203,20.49193,0.00010,5
20.49777,20.49767,0.00010,5
20.51607,20.51597,0.00010,5
20.51724,20.51699,0.00025,5
20.52967,20.52731,0.00236,5
20.57939,20.57712,0.00227,5
20.61410,20.61400,0.00010,5
20.65065,20.64914,0.00151,5
20.68472,20.68462,0.00010,5
20.71538,20.71528,0.00010,5
20.73209,20.73164,0.00045,5
20.73763,20.73679,0.00084,5
20.89547,20.89406,0.00141,5
20.91514,20.91504,0.00010,5
20.92551,20.92422,0.00130,5
20.96342,20.96332,0.00010,5
21.05804,21.05686,0.00118,5
21.10323,21.10139,0.00184,5
21.14872,21.14804,0.00068,5
21.15726,21.15600,0.00127,5
21.21918,21.21577,0.00341,5
21.28660,21.28650,0.00010,5
21.29285,21.29181,0.00104,5
21.35815,21.35679,0.00136,5
21.37527,21.37398,0.00129,5
21.41099,21.41056,0.00043,5
21.51152,21.51060,0.00091,5
21.54071,21.54022,0.00049,5
21.57396,21.57311,0.00085,5
21.57659,21.57613,0.00046,5
21.57934,21.57883,0.00052,5
21.58592,21.58393,0.00199,5
21.62136,21.62116,0.00020,5
21.64179,21.64169,0.00010,5
21.66617,21.66607,0.00010,5
21.67575,21.67565,0.00010,5
21.77383,21.77373,0.00010,5
21.81438,21.81211,0.00227,5
21.84594,21.84458,0.00137,5
21.85266,21.85205,0.00061,5
21.88744,21.88734,0.00010,5
21.93251,21.93057,0.00193,5
21.93261,21.93251,0.00010,5
21.96715,21.96563,0.00152,5
21.98439,21.98354,0.00085,5
22.01824,22.01814,0.00010,5
22.02179,22.02102,0.00077,5
22.05828,22.05663,0.00165,5
22.07351,22.07341,0.00010,5
22.13812,22.13689,0.00124,5
22.15932,22.15832,0.00100,5
22.17096,22.16969,0.00126,5
22.17951,22.17818,0.00133,5
22.30478,22.30250,0.00228,5
22.32168,22.32131,0.00038,5
22.34998,22.34981,0.00017,5
22.35805,22.35669,0.00136,5
22.53334,22.53284,0.00050,5
22.54504,22.54328,0.00176,5
22.58827,22.58693,0.00134,5
22.68924,22.68765,0.00159,5
22.78623,22.78613,0.00010,5
22.82236,22.82226,0.00010,5
22.94412,22.94402,0.00010,5
23.05269,23.04998,0.00271,5
23.05398,23.05269,0.00129,5
23.14472,23.14436,0.00037,5
23.27334,23.27067,0.00267,5
23.27877,23.27779,0.00098,5
23.29623,23.29613,0.00010,5
23.35383,23.35343,0.00040,5
23.37449,23.37354,0.00095,5
23.38673,23.38545,0.00128,5
23.39801,23.39624,0.00177,5
23.41209,23.41040,0.00169,5
23.43318,23.43287,0.00031,5
23.44464,23.44354,0.00110,5
23.44801,23.44720,0.00081,5
23.49348,23.49335,0.00013,5
23.50738,23.50679,0.00059,5
23.53927,23.53917,0.00010,5
23.56184,23.56103,0.00082,5
23.57155,23.57145,0.00010,5
23.59952,23.59921,0.00031,5
23.63364,23.63354,0.00010,5
23.66587,23.66577,0.00010,5
23.67229,23.67071,0.00158,5
23.72893,23.72775,0.00118,5
23.75262,23.75252,0.00010,5
23.80849,23.80839,0.00010,5
23.86335,23.86317,0.00018,5
23.87077,23.87067,0.00010,5
23.91261,23.91053,0.00208,5
23.92090,23.92080,0.00010,5
23.92897,23.92732,0.00165,5
23.97698,23.97460,0.00238,5
23.99542,23.99305,0.00237,5
24.07654,24.07484,0.00170,5
24.08981,24.08848,0.00133,5
24.09250,24.09071,0.00179,5
24.20298,24.20154,0.00144,5
24.29721,24.29594,0.00127,5
24.29864,24.29721,0.00143,5
24.30021,24.29991,0.00030,5
24.32016,24.31621,0.00395,5
24.33084,24.32824,0.00259,5
24.33254,24.33084,0.00171,5
24.42033,24.41871,0.00162,5
24.45333,24.45119,0.00214,5
24.46525,24.46256,0.00269,5
24.49275,24.49265,0.00010,5
24.50786,24.50776,0.00010,5
24.53064,24.52960,0.00104,5
24.53097,24.53072,0.00025,5
24.54001,24.53908,0.00093,5
24.60703,24.60693,0.00010,5
24.67388,24.67378,0.00010,5
24.70750,24.70684,0.00066,5
24.70936,24.70750,0.00185,5
24.73312,24.73302,0.00010,5
24.79835,24.79700,0.00135,5
24.84700,24.84677,0.00023,5
24.84902,24.84832,0.00071,5
24.85711,24.85655,0.00055,5
24.87106,24.86823,0.00282,5
24.88556,24.88546,0.00010,5
24.93832,24.93672,0.00160,5
24.93842,24.93832,0.00010,5
24.98130,24.98120,0.00010,5
25.01362,25.01352,0.00010,5
25.03049,25.02896,0.00152,5
25.04781,25.04651,0.00130,5
25.06535,25.06306,0.00229,5
25.09242,25.09101,0.00141,5
25.09889,25.09756,0.00133,5
25.10686,25.10676,0.00010,5
25.14147,25.14032,0.00115,5
25.17019,25.17005,0.00014,5
25.21374,25.21325,0.00050,5
25.22716,25.22706,0.00010,5
25.23596,25.23586,0.00010,5
25.26130,25.25912,0.00218,5
25.30410,25.30324,0.00086,5
25.31186,25.31135,0.00051,5
25.31639,25.31610,0.00029,5
25.33084,25.32898,0.00186,5
25.33903,25.33854,0.00049,5
25.38336,25.38234,0.00102,5
25.40149,25.40009,0.00140,5
25.41645,25.41635,0.00010,5
25.41994,25.41850,0.00144,5
25.45140,25.44939,0.00200,5
25.47370,25.47360,0.00010,5
25.49440,25.49430,0.00010,5
25.55338,25.55297,0.00041,5
25.60321,25.60311,0.00010,5
25.64495,25.64485,0.00010,5
25.65091,25.64863,0.00227,5
25.66711,25.66701,0.00010,5
25.74755,25.74745,0.00010,5
25.79285,25.79275,0.00010,5
25.82825,25.82815,0.00010,5
25.83191,25.83040,0.00151,5
25.83299,25.83253,0.00046,5
25.85937,25.85873,0.00064,5
25.86251,25.86241,0.00010,5
25.86735,25.86536,0.00199,5
25.86842,25.86735,0.00107,5
25.90100,25.90012,0.00088,5
25.91466,25.91346,0.00119,5
25.94701,25.94687,0.00014,5
25.98932,25.98860,0.00072,5
26.00059,25.99978,0.00080,5
26.09467,26.09270,0.00197,5
26.09477,26.09467,0.00010,5
26.15063,26.14905,0.00158,5
26.16141,26.16131,0.00010,5
26.16542,26.16532,0.00010,5
26.19040,26.18973,0.00067,5
26.22206,26.22194,0.00013,5
26.23350,26.23108,0.00242,5
26.28609,26.28522,0.00087,5
26.29001,26.28928,0.00073,5
26.32783,26.32742,0.00041,5
26.35941,26.35732,0.00209,5
26.36957,26.36825,0.00133,5
26.37383,26.37299,0.00085,5
26.42781,26.42598,0.00183,5
26.43272,26.43215,0.00058,5
26.44984,26.44974,0.00010,5
26.46329,26.46319,0.00010,5
26.50853,26.50843,0.00010,5
26.51925,26.51744,0.00181,5
26.56194,26.56184,0.00010,5
26.58315,26.58291,0.00023,5
26.59704,26.59571,0.00133,5
26.60270,26.60260,0.00010,5
26.70115,26.70105,0.00010,5
26.75040,26.74958,0.00082,5
26.77188,26.77092,0.00096,5
26.78206,26.78136,0.00070,5
26.79561,26.79551,0.00010,5
26.82698,26.82629,0.00069,5
26.87833,26.87675,0.00159,5
26.87977,26.87967,0.00010,5
26.91838,26.91670,0.00168,5
26.93308,26.93153,0.00155,5
26.95797,26.95613,0.00185,5
27.05190,27.05117,0.00073,5
27.06512,27.06463,0.00049,5
27.07586,27.07344,0.00242,5
27.08289,27.08279,0.00010,5
27.08557,27.08547,0.00010,5
27.09553,27.09543,0.00010,5
27.12781,27.12690,0.00091,5
27.16795,27.16664,0.00131,5
27.17354,27.17344,0.00010,5
27.18526,27.18516,0.00010,5
27.18830,27.18656,0.00175,5
27.22315,27.22268,0.00047,5
27.22757,27.22690,0.00067,5
27.25125,27.25077,0.00049,5
27.28515,27.28463,0.00052,5
27.29269,27.29100,0.00169,5
27.33924,27.33781,0.00143,5
27.35835,27.35825,0.00010,5
27.36540,27.36530,0.00010,5
27.36625,27.36585,0.00040,5
27.36655,27.36626,0.00029,5
27.48169,27.48145,0.00023,5
27.50698,27.50688,0.00010,5
27.51566,27.51500,0.00067,5
27.51755,27.51623,0.00132,5
27.54794,27.54530,0.00264,5
27.57855,27.57763,0.00092,5
27.59199,27.59177,0.00022,5
27.59980,27.59795,0.00184,5
27.60156,27.59980,0.00176,5
27.68554,27.68425,0.00129,5
27.72359,27.72210,0.00149,5
27.77099,27.76835,0.00264,5
27.82523,27.82469,0.00054,5
27.82763,27.82753,0.00010,5
27.82891,27.82881,0.00010,5
27.83016,27.83006,0.00010,5
27.83086,27.83076,0.00010,5
27.85051,27.85041,0.00010,5
27.92193,27.92183,0.00010,5
27.94516,27.94506,0.00010,5
27.98199,27.98095,0.00105,5
27.99912,27.99821,0.00090,5
28.00271,28.00210,0.00061,5
28.00609,28.00380,0.00229,5
28.05353,28.05126,0.00226,5
28.08665,28.08611,0.00054,5
28.12812,28.12617,0.00194,5
28.19371,28.19260,0.00111,5
28.25581,28.25571,0.00010,5
28.28467,28.28388,0.00079,5
28.28718,28.28708,0.00010,5
28.32295,28.32038,0.00257,5
28.33292,28.33282,0.00010,5
28.41784,28.41754,0.00030,5
28.46142,28.46121,0.00021,5
28.54654,28.54498,0.00157,5
28.55247,28.55220,0.00027,5
28.61988,28.61830,0.00158,5
28.62010,28.62000,0.00010,5
28.68176,28.68166,0.00010,5
28.68372,28.68270,0.00102,5
28.72062,28.72002,0.00060,5
28.74273,28.74179,0.00093,5
28.75581,28.75195,0.00386,5
28.76416,28.76132,0.00284,5
28.87218,28.87208,0.00010,5
28.87952,28.87913,0.00038,5
28.89242,28.89142,0.00100,5
28.90231,28.90197,0.00034,5
28.92121,28.91997,0.00124,5
28.92219,28.92149,0.00069,5
28.92229,28.92219,0.00010,5
28.98545,28.98535,0.00010,5
29.01443,29.01433,0.00010,5
29.03395,29.03259,0.00136,5
29.09303,29.09266,0.00037,5
29.17160,29.17150,0.00010,5
29.17599,29.17503,0.00097,5
29.25824,29.25786,0.00039,5
29.30552,29.30467,0.00085,5
29.30826,29.30741,0.00084,5
29.34359,29.34349,0.00010,5
29.36934,29.36882,0.00051,5
29.36950,29.36934,0.00016,5
29.37218,29.37122,0.00095,5
29.37563,29.37553,0.00010,5
29.38913,29.38890,0.00023,5
29.39767,29.39757,0.00010,5
29.52503,29.52409,0.00095,5
29.55095,29.55011,0.00084,5
29.58317,29.58307,0.00010,5
29.59441,29.59362,0.00080,5
29.60809,29.60617,0.00193,5
29.62352,29.62154,0.00198,5
29.64717,29.64588,0.00130,5
29.66973,29.66852,0.00122,5
29.67655,29.67487,0.00168,5
29.68888,29.68808,0.00080,5
29.79550,29.79483,0.00067,5
29.81125,29.80951,0.00173,5
29.93083,29.93022,0.00061,5
30.00509,30.00499,0.00010,5
30.03890,30.03744,0.00146,5
30.06085,30.06075,0.00010,5
30.06495,30.06216,0.00279,5
30.16158,30.16148,0.00010,5
30.17301,30.17291,0.00010,5
30.21634,30.21507,0.00127,5
30.24119,30.24109,0.00010,5
30.29312,30.29250,0.00062,5
30.37179,30.37169,0.00010,5
30.38413,30.38275,0.00138,5
30.46374,30.46316,0.00059,5
30.53501,30.53432,0.00069,5
30.56425,30.56265,0.00160,5
30.56548,30.56425,0.00122,5
30.59288,30.59278,0.00010,5
30.64664,30.64490,0.00174,5
30.66425,30.66370,0.00055,5
30.67175,30.67041,0.00134,5
30.67618,30.67606,0.00011,5
30.73210,30.73145,0.00064,5
30.74558,30.74406,0.00151,5
30.80591,30.80433,0.00158,5
30.81297,30.81221,0.00076,5
30.89445,30.89415,0.00030,5
30.92869,30.92859,0.00010,5
30.96579,30.96536,0.00043,5
30.98772,30.98590,0.00181,5
31.06861,31.06772,0.00089,5
31.08288,31.08186,0.00102,5
31.09553,31.09482,0.00071,5
31.09998,31.09872,0.00126,5
31.13034,31.12975,0.00058,5
31.13932,31.13922,0.00010,5
31.16145,31.15907,0.00238,5
31.20382,31.20124,0.00258,5
31.20690,31.20567,0.00123,5
31.30455,31.30396,0.00059,5
31.30550,31.30540,0.00010,5
31.40106,31.40083,0.00023,5
31.42906,31.42896,0.00010,5
31.47482,31.47296,0.00185,5
31.47982,31.47834,0.00148,5
31.50374,31.50315,0.00059,5
31.51749,31.51526,0.00223,5
31.57515,31.57420,0.00095,5
31.57732,31.57515,0.00217,5
31.58077,31.58067,0.00010,5
31.60291,31.60272,0.00019,5
31.60464,31.60354,0.00110,5
31.61916,31.61876,0.00039,5
31.65407,31.65397,0.00010,5
31.72939,31.72679,0.00260,5
31.74014,31.73860,0.00153,5
31.76068,31.75824,0.00244,5
31.77706,31.77667,0.00038,5
31.85384,31.85273,0.00111,5
31.91870,31.91662,0.00208,5
31.98251,31.98013,0.00238,5
31.98452,31.98251,0.00201,5
32.10344,32.10325,0.00019,5
32.17285,32.17275,0.00010,5
32.20129,32.20119,0.00010,5
32.21900,32.21660,0.00240,5
32.25483,32.25329,0.00154,5
32.28377,32.28247,0.00129,5
32.31998,32.31832,0.00166,5
32.33587,32.33517,0.00070,5
32.38574,32.38407,0.00167,5
32.39269,32.39259,0.00010,5
32.50158,32.50148,0.00010,5
32.54326,32.54316,0.00010,5
32.62123,32.62013,0.00110,5
32.63750,32.63740,0.00010,5
32.65595,32.65556,0.00039,5
32.72656,32.72597,0.00059,5
32.77478,32.77335,0.00142,5
32.78776,32.78662,0.00113,5
32.82246,32.82236,0.00010,5
32.82385,32.82375,0.00010,5
32.83637,32.83483,0.00154,5
32.88642,32.88632,0.00010,5
32.89604,32.89531,0.00073,5
32.90554,32.90511,0.00043,5
32.91633,32.91623,0.00010,5
32.99564,32.99400,0.00164,5
33.00409,33.00286,0.00123,5
33.01300,33.01246,0.00053,5
33.06293,33.06020,0.00273,5
33.08848,33.08720,0.00128,5
33.23719,33.23683,0.00036,5
33.39731,33.39721,0.00010,5
33.45460,33.45316,0.00144,5
33.46068,33.45967,0.00101,5
33.46382,33.46235,0.00147,5
33.46820,33.46810,0.00010,5
33.53803,33.53793,0.00010,5
33.60479,33.60469,0.00010,5
33.63206,33.63196,0.00010,5
33.72070,33.72007,0.00063,5
33.72580,33.72443,0.00137,5
33.77260,33.77250,0.00010,5
33.80915,33.80905,0.00010,5
33.83440,33.83275,0.00165,5
33.83513,33.83440,0.00074,5
33.84130,33.84120,0.00010,5
33.87611,33.87601,0.00010,5
33.92709,33.92665,0.00044,5
34.01086,34.01076,0.00010,5
34.01463,34.01177,0.00286,5
34.02556,34.02546,0.00010,5
34.03191,34.03080,0.00110,5
34.04710,34.04699,0.00011,5
34.07233,34.07214,0.00018,5
34.11107,34.11097,0.00010,5
34.11216,34.11124,0.00093,5
34.13289,34.13225,0.00064,5
34.14303,34.14293,0.00010,5
34.16276,34.16123,0.00153,5
34.21638,34.21583,0.00055,5
34.21750,34.21712,0.00039,5
34.22750,34.22740,0.00010,5
34.22842,34.22832,0.00010,5
34.25335,34.25278,0.00057,5
34.27593,34.27465,0.00128,5
34.28421,34.28411,0.00010,5
34.32010,34.31978,0.00032,5
34.32739,34.32729,0.00010,5
34.34062,34.33684,0.00378,5
34.34157,34.34062,0.00095,5
34.44865,34.44756,0.00109,5
34.46356,34.46346,0.00010,5
34.46777,34.46743,0.00034,5
34.54609,34.54569,0.00040,5
34.68625,34.68573,0.00053,5
34.69890,34.69880,0.00010,5
34.77486,34.77362,0.00125,5
34.80349,34.80339,0.00010,5
34.85113,34.85103,0.00010,5
34.87114,34.86922,0.00192,5
34.92062,34.92040,0.00022,5
34.95121,34.95041,0.00080,5
35.03576,35.03566,0.00010,5
35.04238,35.04020,0.00218,5
35.06713,35.06553,0.00160,5
35.07065,35.07055,0.00010,5
35.10367,35.10357,0.00010,5
35.13512,35.13459,0.00053,5
35.14908,35.14792,0.00116,5
35.21858,35.21624,0.00234,5
35.24660,35.24650,0.00010,5
35.27518,35.27493,0.00026,5
35.29900,35.29855,0.00045,5
35.34873,35.34809,0.00064,5
35.35408,35.35398,0.00010,5
35.36669,35.36629,0.00040,5
35.44686,35.44528,0.00157,5
35.46860,35.46713,0.00147,5
35.47678,35.47617,0.00061,5
35.48331,35.48321,0.00010,5
35.56894,35.56751,0.00143,5
35.60710,35.60700,0.00010,5
35.61171,35.61142,0.00029,5
35.61674,35.61458,0.00216,5
35.61718,35.61688,0.00030,5
35.62047,35.62037,0.00010,5
35.62837,35.62591,0.00245,5
35.64235,35.64121,0.00114,5
35.67717,35.67707,0.00010,5
35.70900,35.70890,0.00010,5
35.71925,35.71876,0.00049,5
35.75935,35.75863,0.00072,5
35.76927,35.76863,0.00064,5
35.79648,35.79638,0.00010,5
35.83022,35.82982,0.00040,5
35.85076,35.85066,0.00010,5
35.85416,35.85350,0.00067,5
35.87145,35.87135,0.00010,5
35.89722,35.89712,0.00010,5
35.96363,35.96319,0.00044,5
35.97679,35.97660,0.00019,5
36.06923,36.06907,0.00016,5
36.07832,36.07676,0.00156,5
36.09739,36.09556,0.00183,5
36.09895,36.09885,0.00010,5
36.10461,36.10451,0.00010,5
36.12838,36.12828,0.00010,5
36.18792,36.18730,0.00061,5
36.20056,36.19939,0.00117,5
36.22705,36.22661,0.00044,5
36.23051,36.23041,0.00010,5
36.23282,36.23272,0.00010,5
36.30333,36.30291,0.00042,5
36.35880,36.35821,0.00059,5
36.36228,36.36120,0.00108,5
36.36803,36.36515,0.00288,5
36.37339,36.37321,0.00018,5
36.38158,36.38138,0.00020,5
36.38247,36.38237,0.00010,5
36.40301,36.40291,0.00010,5
36.41719,36.41699,0.00019,5
36.50125,36.49992,0.00132,5
36.51132,36.50898,0.00235,5
36.51665,36.51655,0.00010,5
36.59923,36.59913,0.00010,5
36.60106,36.60029,0.00077,5
36.60782,36.60617,0.00165,5
36.63410,36.63275,0.00135,5
36.66503,36.66493,0.00010,5
36.72292,36.72242,0.00050,5
36.74963,36.74840,0.00123,5
36.81074,36.80807,0.00268,5
36.82266,36.82104,0.00163,5
36.83467,36.83264,0.00204,5
36.89073,36.89063,0.00010,5
36.92948,36.92800,0.00147,5
36.94809,36.94799,0.00010,5
36.97059,36.97049,0.00010,5
37.02439,37.02429,0.00010,5
37.03110,37.02912,0.00198,5
37.05038,37.04913,0.00125,5
37.05342,37.05332,0.00010,5
37.09913,37.09838,0.00075,5
37.14357,37.14338,0.00019,5
37.27766,37.27695,0.00070,5
37.28424,37.28149,0.00275,5
37.30493,37.30476,0.00017,5
37.34922,37.34731,0.00191,5
37.35047,37.35009,0.00037,5
37.36921,37.36886,0.00035,5
37.38857,37.38847,0.00010,5
37.39100,37.38942,0.00158,5
37.41462,37.41332,0.00130,5
37.47273,37.47250,0.00023,5
37.52441,37.52431,0.00010,5
37.54632,37.54615,0.00017,5
37.55200,37.55129,0.00071,5
37.74326,37.74165,0.00161,5
37.77511,37.77501,0.00010,5
37.79853,37.79668,0.00185,5
37.80251,37.80208,0.00043,5
37.85441,37.85377,0.00064,5
37.87035,37.87025,0.00010,5
37.88997,37.88800,0.00197,5
37.89114,37.89027,0.00088,5
37.91615,37.91514,0.00101,5
37.93957,37.93821,0.00137,5
37.97708,37.97576,0.00133,5
37.98320,37.98221,0.00099,5
37.99463,37.99336,0.00127,5
38.08307,38.08171,0.00136,5
38.13720,38.13710,0.00010,5
38.14653,38.14643,0.00010,5
38.20410,38.20333,0.00077,5
38.20687,38.20566,0.00121,5
38.21160,38.21143,0.00017,5
38.21371,38.21296,0.00074,5
38.32615,38.32530,0.00085,5
38.38061,38.38051,0.00010,5
38.42864,38.42724,0.00140,5
38.43449,38.43439,0.00010,5
38.44369,38.44273,0.00096,5
38.54957,38.54840,0.00117,5
38.57678,38.57668,0.00010,5
38.57971,38.57748,0.00223,5
38.58040,38.57971,0.00069,5
38.65724,38.65606,0.00118,5
38.66028,38.65845,0.00183,5
38.67111,38.67101,0.00010,5
38.68866,38.68662,0.00204,5
38.70849,38.70620,0.00230,5
38.74603,38.74561,0.00042,5
38.83566,38.83430,0.00136,5
38.85138,38.85128,0.00010,5
38.87150,38.87083,0.00067,5
38.89127,38.89116,0.00011,5
38.89675,38.89477,0.00198,5
38.91885,38.91746,0.00139,5
38.92137,38.92009,0.00128,5
38.96892,38.96769,0.00123,5
38.97420,38.97410,0.00010,5
39.01208,39.01160,0.00048,5
39.06416,39.06342,0.00074,5
39.15029,39.14950,0.00079,5
39.15726,39.15654,0.00072,5
39.16890,39.16880,0.00010,5
39.19573,39.19563,0.00010,5
39.24842,39.24523,0.00320,5
39.25853,39.25665,0.00187,5
39.27655,39.27515,0.00139,5
39.29966,39.29819,0.00147,5
39.33062,39.32883,0.00179,5
39.35551,39.35537,0.00013,5
39.37116,39.36967,0.00148,5
39.37612,39.37602,0.00010,5
39.45050,39.44991,0.00059,5
39.52368,39.52355,0.00013,5
39.57947,39.57858,0.00088,5
39.59524,39.59432,0.00093,5
39.62498,39.62462,0.00036,5
39.64794,39.64784,0.00010,5
39.66986,39.66682,0.00305,5
39.68784,39.68686,0.00099,5
39.72338,39.72328,0.00010,5
39.73279,39.73269,0.00010,5
39.78665,39.78655,0.00010,5
39.79551,39.79482,0.00069,5
39.88439,39.88286,0.00153,5
39.89211,39.88950,0.00261,5
39.93600,39.93430,0.00170,5
39.93809,39.93600,0.00209,5
39.95686,39.95676,0.00010,5
39.99686,39.99665,0.00021,5
40.00447,40.00292,0.00155,5
40.11633,40.11623,0.00010,5
40.12117,40.12107,0.00010,5
40.12698,40.12675,0.00023,5
40.13644,40.13570,0.00074,5
40.16789,40.16609,0.00181,5
40.17395,40.17301,0.00094,5
40.27187,40.27141,0.00046,5
40.29746,40.29736,0.00010,5
40.31587,40.31577,0.00010,5
40.32125,40.32024,0.00101,5
40.40623,40.40546,0.00077,5
40.41246,40.41236,0.00010,5
40.48210,40.48131,0.00078,5
40.52357,40.52292,0.00064,5
40.54464,40.54412,0.00051,5
40.56433,40.56423,0.00010,5
40.56914,40.56675,0.00239,5
40.59302,40.59239,0.00063,5
40.59594,40.59560,0.00035,5
40.61562,40.61469,0.00093,5
40.65311,40.65101,0.00210,5
40.66649,40.66592,0.00057,5
40.68497,40.68487,0.00010,5
40.71574,40.71564,0.00010,5
40.73544,40.73404,0.00140,5
40.77511,40.77501,0.00010,5
40.78475,40.78430,0.00045,5
40.81066,40.81016,0.00050,5
40.81460,40.81324,0.00136,5
40.84817,40.84807,0.00010,5
40.88934,40.88924,0.00010,5
40.91897,40.91784,0.00113,5
40.93434,40.93398,0.00036,5
40.94709,40.94651,0.00058,5
40.96160,40.96150,0.00010,5
41.03716,41.03491,0.00225,5
41.08946,41.08918,0.00028,5
41.14829,41.14819,0.00010,5
41.18404,41.18208,0.00196,5
41.18712,41.18702,0.00010,5
41.23589,41.23455,0.00133,5
41.24024,41.23691,0.00333,5
41.24949,41.24818,0.00130,5
41.26691,41.26681,0.00010,5
41.28417,41.28407,0.00010,5
41.28775,41.28676,0.00098,5
41.32197,41.32051,0.00146,5
41.33653,41.33443,0.00210,5
41.34573,41.34563,0.00010,5
41.36719,41.36709,0.00010,5
41.39541,41.39347,0.00195,5
41.47594,41.47584,0.00010,5
41.49450,41.49412,0.00038,5
41.53367,41.53338,0.00029,5
41.53873,41.53681,0.00192,5
41.54054,41.54014,0.00039,5
41.54481,41.54365,0.00116,5
41.54651,41.54481,0.00170,5
41.62968,41.62796,0.00172,5
41.68041,41.68031,0.00010,5
41.69693,41.69683,0.00010,5
41.71743,41.71733,0.00010,5
41.73284,41.73249,0.00035,5
41.74946,41.74895,0.00051,5
41.75345,41.75255,0.00089,5
41.80869,41.80746,0.00123,5
41.83702,41.83463,0.00239,5
41.90624,41.90530,0.00094,5
41.94142,41.93946,0.00197,5
41.96662,41.96609,0.00053,5
42.00770,42.00691,0.00079,5
42.01953,42.01823,0.00130,5
42.04190,42.04180,0.00010,5
42.05014,42.04765,0.00249,5
42.08005,42.07995,0.00010,5
42.10738,42.10646,0.00092,5
42.25179,42.24968,0.00212,5
42.25295,42.25285,0.00010,5
42.28818,42.28563,0.00255,5
42.28828,42.28818,0.00010,5
42.32462,42.32361,0.00102,5
42.36510,42.36443,0.00067,5
42.39817,42.39627,0.00190,5
42.39895,42.39885,0.00010,5
42.43698,42.43577,0.00121,5
42.47071,42.47061,0.00010,5
42.48498,42.48401,0.00097,5
42.55512,42.55448,0.00063,5
42.55717,42.55512,0.00205,5
42.55920,42.55717,0.00203,5
42.56035,42.55920,0.00115,5
42.58121,42.58023,0.00098,5
42.62178,42.62032,0.00146,5
42.63405,42.63324,0.00081,5
42.66595,42.66585,0.00010,5
42.69894,42.69604,0.00291,5
42.70228,42.70021,0.00207,5
42.75167,42.74915,0.00252,5
42.75388,42.75378,0.00010,5
42.76113,42.76006,0.00107,5
42.83096,42.82960,0.00137,5
42.85247,42.85203,0.00044,5
42.99652,42.99636,0.00016,5
43.02280,43.02231,0.00048,5
43.02610,43.02421,0.00188,5
43.05336,43.05243,0.00093,5
43.07240,43.07230,0.00010,5
43.07731,43.07492,0.00239,5
43.08296,43.08126,0.00170,5
43.11758,43.11748,0.00010,5
43.14428,43.14311,0.00117,5
43.16252,43.16060,0.00192,5
43.16360,43.16350,0.00010,5
43.32126,43.32049,0.00077,5
43.32443,43.32395,0.00048,5
43.32629,43.32443,0.00187,5
43.33173,43.33133,0.00040,5
43.33701,43.33644,0.00057,5
43.37225,43.37154,0.00071,5
43.38627,43.38504,0.00123,5
43.39275,43.39231,0.00043,5
43.43308,43.43246,0.00061,5
43.44344,43.44161,0.00183,5
43.44422,43.44412,0.00010,5
43.46791,43.46781,0.00010,5
43.51401,43.51378,0.00023,5
43.56582,43.56446,0.00136,5
43.57042,43.57032,0.00010,5
43.63530,43.63456,0.00074,5
43.65352,43.65296,0.00056,5
43.72599,43.72589,0.00010,5
43.80081,43.80018,0.00063,5
43.80303,43.80293,0.00010,5
43.80542,43.80303,0.00239,5
43.86879,43.86869,0.00010,5
43.87142,43.87132,0.00010,5
43.90706,43.90673,0.00033,5
43.99091,43.98831,0.00260,5
44.01082,44.00947,0.00136,5
44.01522,44.01371,0.00150,5
44.05885,44.05718,0.00167,5
44.07697,44.07687,0.00010,5
44.09697,44.09673,0.00024,5
44.09926,44.09849,0.00077,5
44.15344,44.15301,0.00044,5
44.16199,44.16104,0.00095,5
44.17716,44.17477,0.00239,5
44.22001,44.21947,0.00054,5
44.27628,44.27507,0.00121,5
44.31590,44.31544,0.00047,5
44.33949,44.33851,0.00099,5
44.36581,44.36423,0.00158,5
44.36672,44.36581,0.00091,5
44.41271,44.41261,0.00010,5
44.42463,44.42367,0.00096,5
44.42581,44.42463,0.00118,5
44.44304,44.44071,0.00233,5
44.46820,44.46697,0.00122,5
44.47556,44.47428,0.00128,5
44.48078,44.47784,0.00294,5
44.50583,44.50573,0.00010,5
44.54374,44.54217,0.00157,5
44.58043,44.58033,0.00010,5
44.60416,44.60344,0.00072,5
44.63758,44.63748,0.00010,5
44.64127,44.64057,0.00070,5
44.68698,44.68593,0.00105,5
44.70571,44.70509,0.00063,5
44.74875,44.74865,0.00010,5
44.77429,44.77374,0.00055,5
44.78483,44.78473,0.00010,5
44.94464,44.94367,0.00097,5
44.96350,44.96238,0.00113,5
44.97474,44.97453,0.00021,5
45.00508,45.00498,0.00010,5
45.04171,45.04160,0.00010,5
45.05894,45.05877,0.00017,5
45.06092,45.06082,0.00010,5
45.06606,45.06431,0.00175,5
45.08937,45.08720,0.00217,5
45.10538,45.10462,0.00076,5
45.13372,45.13296,0.00076,5
45.15693,45.15614,0.00079,5
45.21857,45.21720,0.00137,5
45.22567,45.22314,0.00254,5
45.24696,45.24623,0.00073,5
45.24748,45.24738,0.00011,5
45.25585,45.25520,0.00065,5
45.30131,45.30092,0.00039,5
45.32403,45.32210,0.00193,5
45.32920,45.32708,0.00212,5
45.33903,45.33675,0.00228,5
45.40566,45.40393,0.00173,5
45.43221,45.43106,0.00116,5
45.49424,45.49370,0.00054,5
45.51526,45.51516,0.00010,5
45.65460,45.65398,0.00062,5
45.65872,45.65862,0.00010,5
45.69701,45.69581,0.00120,5
45.70482,45.70366,0.00115,5
45.72622,45.72579,0.00043,5
45.74781,45.74736,0.00045,5
45.78051,45.78041,0.00010,5
45.78187,45.78081,0.00106,5
45.80729,45.80719,0.00010,5
45.82732,45.82722,0.00010,5
45.82933,45.82748,0.00185,5
45.85476,45.85373,0.00103,5
45.89013,45.89003,0.00010,5
45.89553,45.89534,0.00019,5
45.90845,45.90716,0.00129,5
45.96972,45.96945,0.00026,5
45.99669,45.99645,0.00024,5
46.00696,46.00588,0.00108,5
46.13186,46.13085,0.00101,5
46.14071,46.13825,0.00246,5
46.25099,46.25089,0.00010,5
46.31796,46.31786,0.00010,5
46.33283,46.33133,0.00150,5
46.33347,46.33337,0.00010,5
46.40918,46.40887,0.00031,5
46.42393,46.42305,0.00089,5
46.46278,46.46233,0.00045,5
46.49498,46.49488,0.00010,5
46.53605,46.53478,0.00126,5
46.58826,46.58655,0.00171,5
46.66755,46.66594,0.00161,5
46.68087,46.67922,0.00164,5
46.68699,46.68568,0.00131,5
46.72914,46.72904,0.00010,5
46.73557,46.73359,0.00198,5
46.74876,46.74600,0.00276,5
46.79006,46.78909,0.00097,5
46.80920,46.80910,0.00010,5
46.84077,46.84067,0.00010,5
46.85363,46.85145,0.00218,5
46.86441,46.86324,0.00117,5
46.89954,46.89686,0.00268,5
46.90069,46.89954,0.00115,5
46.90702,46.90692,0.00010,5
46.97992,46.97782,0.00210,5
46.98478,46.98468,0.00010,5
47.00059,47.00012,0.00047,5
47.03155,47.03036,0.00119,5
47.04327,47.04224,0.00102,5
47.04684,47.04674,0.00010,5
47.04854,47.04844,0.00010,5
47.07031,47.06784,0.00247,5
47.10146,47.10136,0.00010,5
47.11141,47.11052,0.00088,5
47.13159,47.13030,0.00128,5
47.17499,47.17489,0.00010,5
47.20922,47.20822,0.00100,5
47.30078,47.29990,0.00088,5
47.35079,47.35036,0.00043,5
47.35887,47.35845,0.00042,5
47.40451,47.40261,0.00190,5
47.44494,47.44336,0.00158,5
47.46852,47.46842,0.00010,5
47.48249,47.48234,0.00014,5
47.48511,47.48452,0.00059,5
47.49661,47.49651,0.00010,5
47.58109,47.58099,0.00010,5
47.61792,47.61782,0.00010,5
47.68215,47.68205,0.00010,5
47.70109,47.69889,0.00220,5
47.77026,47.76878,0.00148,5
47.77865,47.77738,0.00127,5
47.84332,47.84283,0.00049,5
47.85218,47.85188,0.00030,5
47.87337,47.87255,0.00082,5
47.90787,47.90777,0.00010,5
47.91942,47.91932,0.00010,5
48.00682,48.00459,0.00224,5
48.06285,48.06030,0.00255,5
48.07822,48.07731,0.00091,5
48.08710,48.08590,0.00120,5
48.09313,48.09158,0.00155,5
48.10295,48.10285,0.00010,5
48.24496,48.24328,0.00168,5
48.28757,48.28747,0.00010,5
48.29098,48.29088,0.00010,5
48.32551,48.32541,0.00010,5
48.33474,48.33406,0.00068,5
48.34338,48.34313,0.00025,5
48.35716,48.35489,0.00227,5
48.37396,48.37386,0.00010,5
48.38315,48.38153,0.00163,5
48.40527,48.40476,0.00052,5
48.41067,48.40998,0.00069,5
48.43003,48.42915,0.00088,5
48.43526,48.43330,0.00196,5
48.44848,48.44725,0.00123,5
48.45612,48.45561,0.00052,5
48.45733,48.45625,0.00108,5
48.49081,48.49071,0.00010,5
48.53984,48.53826,0.00158,5
48.58564,48.58438,0.00126,5
48.62206,48.62196,0.00010,5
48.62773,48.62763,0.00010,5
48.63503,48.63491,0.00012,5
48.67338,48.67215,0.00123,5
48.72467,48.72286,0.00182,5
48.75763,48.75517,0.00246,5
48.79147,48.79064,0.00083,5
48.86354,48.86310,0.00044,5
48.87301,48.87287,0.00014,5
48.87632,48.87622,0.00010,5
48.89239,48.89027,0.00212,5
48.94364,48.94314,0.00050,5
48.95669,48.95313,0.00357,5
48.98717,48.98707,0.00010,5
49.00968,49.00868,0.00099,5
49.12487,49.12477,0.00010,5
49.17489,49.17479,0.00010,5
49.20799,49.20556,0.00243,5
49.20959,49.20902,0.00057,5
49.26144,49.26134,0.00010,5
49.30635,49.30625,0.00010,5
49.35695,49.35463,0.00232,5
49.37849,49.37679,0.00170,5
49.50406,49.50327,0.00080,5
49.56144,49.56134,0.00010,5
49.57410,49.57301,0.00110,5
49.57883,49.57873,0.00010,5
49.58564,49.58535,0.00028,5
49.68939,49.68929,0.00010,5
49.69021,49.68962,0.00058,5
49.76429,49.76280,0.00149,5
49.77311,49.77239,0.00072,5
49.78670,49.78646,0.00025,5
49.80407,49.80397,0.00010,5
49.82550,49.82423,0.00127,5
49.82668,49.82550,0.00118,5
50.03083,50.03073,0.00010,5
50.03181,50.03130,0.00051,5
50.04794,50.04650,0.00144,5
50.04931,50.04832,0.00099,5
50.06407,50.06249,0.00158,5
50.15484,50.15412,0.00072,5
50.18171,50.18086,0.00085,5
50.29197,50.29175,0.00022,5
50.37279,50.37145,0.00133,5
50.38791,50.38681,0.00110,5
50.40067,50.39920,0.00147,5
50.44200,50.44073,0.00126,5
50.45051,50.44939,0.00112,5
50.45304,50.45144,0.00159,5
50.45495,50.45360,0.00135,5
50.45613,50.45511,0.00102,5
50.54184,50.54051,0.00133,5
50.54574,50.54531,0.00043,5
50.56025,50.55967,0.00058,5
50.64516,50.64506,0.00010,5
50.66041,50.65987,0.00054,5
50.72150,50.72140,0.00010,5
50.72456,50.72377,0.00078,5
50.73225,50.73215,0.00010,5
50.76275,50.76061,0.00214,5
50.77580,50.77348,0.00232,5
50.79539,50.79330,0.00210,5
50.80746,50.80510,0.00236,5
50.82069,50.82059,0.00010,5
50.87528,50.87305,0.00224,5
50.89239,50.89229,0.00010,5
50.91188,50.91038,0.00149,5
50.91244,50.91234,0.00010,5
50.92552,50.92459,0.00094,5
50.93686,50.93500,0.00186,5
50.95925,50.95834,0.00091,5
50.99978,50.99868,0.00110,5
51.08231,51.08193,0.00038,5
51.09289,51.09155,0.00134,5
51.09352,51.09342,0.00010,5
51.14747,51.14684,0.00064,5
51.19536,51.19308,0.00228,5
51.22765,51.22337,0.00428,5
51.28421,51.28411,0.00010,5
51.32997,51.32958,0.00038,5
51.38514,51.38504,0.00010,5
51.39731,51.39721,0.00010,5
51.43080,51.42844,0.00236,5
51.43209,51.43080,0.00129,5
51.47453,51.47443,0.00010,5
51.48645,51.48525,0.00119,5
51.48895,51.48829,0.00066,5
51.48999,51.48989,0.00010,5
51.49960,51.49892,0.00069,5
51.51512,51.51419,0.00093,5
51.52523,51.52317,0.00207,5
51.54506,51.54472,0.00033,5
51.56943,51.56788,0.00155,5
51.58403,51.58393,0.00010,5
51.63735,51.63698,0.00037,5
51.65257,51.65247,0.00010,5
51.67841,51.67710,0.00131,5
51.71148,51.71138,0.00010,5
51.75712,51.75550,0.00161,5
51.76125,51.76115,0.00010,5
51.77010,51.77000,0.00010,5
51.78384,51.78327,0.00057,5
51.81225,51.80993,0.00232,5
51.83527,51.83467,0.00060,5
51.84464,51.84321,0.00143,5
51.84726,51.84654,0.00072,5
51.85879,51.85691,0.00188,5
51.86209,51.86199,0.00010,5
51.86628,51.86618,0.00010,5
51.86723,51.86713,0.00010,5
51.90458,51.90327,0.00131,5
51.93486,51.93476,0.00010,5
51.94933,51.94923,0.00010,5
51.96077,51.96067,0.00010,5
51.98486,51.98391,0.00095,5
52.00595,52.00510,0.00085,5
52.02824,52.02633,0.00191,5
52.10319,52.10123,0.00196,5
52.14152,52.14027,0.00125,5
52.16496,52.16486,0.00010,5
52.18390,52.18301,0.00089,5
52.20968,52.20800,0.00168,5
52.21671,52.21565,0.00106,5
52.25183,52.25115,0.00068,5
52.30618,52.30608,0.00010,5
52.35278,52.35268,0.00010,5
52.40249,52.40221,0.00028,5
52.40719,52.40525,0.00194,5
52.44680,52.44670,0.00010,5
52.47308,52.47241,0.00066,5
52.52325,52.52315,0.00010,5
52.52771,52.52658,0.00113,5
52.53186,52.52881,0.00305,5
52.53467,52.53457,0.00010,5
52.59046,52.59013,0.00033,5
52.60355,52.60345,0.00010,5
52.60711,52.60701,0.00010,5
52.61695,52.61368,0.00327,5
52.62059,52.62047,0.00012,5
52.63162,52.63078,0.00085,5
52.69008,52.68985,0.00023,5
52.71662,52.71612,0.00050,5
52.74566,52.74390,0.00175,5
52.86327,52.86128,0.00199,5
52.86654,52.86644,0.00010,5
52.89737,52.89621,0.00116,5
52.91034,52.90994,0.00040,5
52.91668,52.91527,0.00141,5
53.04333,53.04179,0.00155,5
53.05472,53.05462,0.00010,5
53.07648,53.07561,0.00087,5
53.23365,53.23208,0.00157,5
53.25036,53.24688,0.00348,5
53.27564,53.27554,0.00010,5
53.27629,53.27603,0.00026,5
53.28984,53.28878,0.00106,5
53.37503,53.37215,0.00288,5
53.39912,53.39844,0.00068,5
53.50202,53.50192,0.00010,5
53.56080,53.55996,0.00084,5
53.56626,53.56549,0.00077,5
53.59798,53.59428,0.00370,5
53.62361,53.62351,0.00010,5
53.68490,53.68467,0.00023,5
53.75242,53.75034,0.00208,5
53.76817,53.76807,0.00010,5
53.76944,53.76857,0.00087,5
53.82475,53.82454,0.00021,5
53.86025,53.86015,0.00010,5
53.86277,53.86267,0.00010,5
53.91506,53.91496,0.00010,5
53.93404,53.93394,0.00010,5
53.96771,53.96607,0.00163,5
53.98252,53.98228,0.00024,5
53.99616,53.99535,0.00081,5
54.02206,54.02134,0.00072,5
54.03816,54.03806,0.00010,5
54.05190,54.05180,0.00010,5
54.08617,54.08425,0.00193,5
54.10578,54.10385,0.00193,5
54.11657,54.11643,0.00014,5
54.20428,54.20389,0.00038,5
54.28525,54.28483,0.00042,5
54.30513,54.30496,0.00017,5
54.33105,54.32931,0.00173,5
54.33419,54.33251,0.00167,5
54.37413,54.37251,0.00162,5
54.38288,54.38278,0.00010,5
54.43889,54.43879,0.00010,5
54.45153,54.45105,0.00048,5
54.49097,54.49000,0.00098,5
54.50139,54.50110,0.00029,5
54.50335,54.50249,0.00087,5
54.50632,54.50557,0.00075,5
54.51582,54.51448,0.00134,5
54.52127,54.51978,0.00149,5
54.55999,54.55840,0.00159,5
54.56679,54.56599,0.00080,5
54.58601,54.58513,0.00088,5
54.61120,54.61000,0.00120,5
54.67976,54.67626,0.00350,5
54.68250,54.68240,0.00010,5
54.70779,54.70673,0.00106,5
54.78474,54.78464,0.00010,5
54.80873,54.80759,0.00114,5
54.84720,54.84665,0.00055,5
54.85264,54.85247,0.00017,5
54.87255,54.87150,0.00104,5
54.93351,54.93125,0.00226,5
54.93623,54.93556,0.00066,5
54.96136,54.96071,0.00065,5
54.97443,54.97399,0.00044,5
54.98601,54.98381,0.00220,5
54.99143,54.99023,0.00120,5
55.01756,55.01746,0.00010,5
55.03401,55.03391,0.00010,5
55.03678,55.03668,0.00010,5
55.07110,55.07076,0.00034,5
55.10954,55.10742,0.00213,5
55.12295,55.12181,0.00114,5
55.14937,55.14927,0.00010,5
55.17014,55.17004,0.00010,5
55.19296,55.19113,0.00183,5
55.28743,55.28733,0.00010,5
55.34659,55.34649,0.00010,5
55.36655,55.36391,0.00263,5
55.37411,55.37371,0.00040,5
55.40081,55.40071,0.00010,5
55.40609,55.40599,0.00010,5
55.47908,55.47898,0.00010,5
55.48076,55.48066,0.00010,5
55.48871,55.48854,0.00017,5
55.49826,55.49656,0.00170,5
55.50574,55.50473,0.00101,5
55.51107,55.51097,0.00010,5
55.56354,55.56344,0.00010,5
55.66659,55.66575,0.00084,5
55.67184,55.67061,0.00123,5
55.73291,55.73268,0.00023,5
55.74029,55.74019,0.00010,5
55.77221,55.77211,0.00010,5
55.78387,55.78271,0.00116,5
55.84337,55.84327,0.00010,5
55.87299,55.87163,0.00136,5
55.95958,55.95923,0.00035,5
55.98437,55.98399,0.00039,5
56.01541,56.01479,0.00061,5
56.01933,56.01923,0.00010,5
56.02485,56.02273,0.00212,5
56.03384,56.03105,0.00279,5
56.03906,56.03896,0.00010,5
56.12691,56.12681,0.00010,5
56.16789,56.16775,0.00014,5
56.19008,56.18998,0.00010,5
56.27302,56.27292,0.00010,5
56.32032,56.31930,0.00101,5
56.37529,56.37519,0.00010,5
56.37848,56.37737,0.00112,5
56.39559,56.39483,0.00076,5
56.44958,56.44935,0.00023,5
56.48158,56.47965,0.00193,5
56.49026,56.48963,0.00063,5
56.52137,56.52026,0.00111,5
56.57676,56.57633,0.00043,5
56.61674,56.61664,0.00010,5
56.63459,56.63348,0.00112,5
56.65655,56.65554,0.00102,5
56.67519,56.67421,0.00098,5
56.72380,56.72331,0.00049,5
56.72844,56.72826,0.00017,5
56.75087,56.74964,0.00123,5
56.78526,56.78316,0.00210,5
56.81282,56.81259,0.00022,5
56.83963,56.83912,0.00051,5
56.87846,56.87768,0.00078,5
56.88572,56.88495,0.00078,5
56.89459,56.89449,0.00010,5
56.89870,56.89860,0.00010,5
56.92501,56.92419,0.00081,5
56.93214,56.93011,0.00202,5
56.93330,56.93320,0.00010,5
56.93931,56.93921,0.00010,5
56.98293,56.98216,0.00077,5
56.99319,56.99309,0.00010,5
57.08449,57.08385,0.00064,5
57.08573,57.08551,0.00022,5
57.10864,57.10829,0.00034,5
57.11033,57.10987,0.00046,5
57.12295,57.12112,0.00183,5
57.12681,57.12561,0.00120,5
57.13431,57.13301,0.00130,5
57.15781,57.15771,0.00010,5
57.15907,57.15819,0.00089,5
57.18775,57.18734,0.00041,5
57.24296,57.24286,0.00010,5
57.29476,57.29385,0.00090,5
57.36209,57.36199,0.00010,5
57.41067,57.40898,0.00169,5
57.51207,57.51197,0.00010,5
57.53293,57.53165,0.00128,5
57.58846,57.58740,0.00106,5
57.62807,57.62510,0.00297,5
57.64888,57.64699,0.00189,5
57.66648,57.66638,0.00010,5
57.68795,57.68637,0.00158,5
57.68899,57.68795,0.00104,5
57.73110,57.72971,0.00139,5
57.73797,57.73787,0.00010,5
57.75656,57.75646,0.00010,5
57.76975,57.76965,0.00010,5
57.77135,57.77125,0.00010,5
57.77157,57.77141,0.00016,5
57.78502,57.78492,0.00010,5
57.79941,57.79930,0.00011,5
57.84362,57.84352,0.00010,5
57.85176,57.85099,0.00077,5
57.87406,57.87396,0.00010,5
57.87670,57.87426,0.00244,5
57.91296,57.91208,0.00087,5
57.95338,57.95186,0.00151,5
57.95780,57.95683,0.00097,5
57.97605,57.97531,0.00074,5
57.97687,57.97605,0.00082,5
57.99995,57.99917,0.00079,5
58.00533,58.00523,0.00010,5
58.06399,58.06325,0.00074,5
58.07604,58.07517,0.00087,5
58.09735,58.09725,0.00010,5
58.13757,58.13747,0.00010,5
58.13900,58.13890,0.00010,5
58.18765,58.18755,0.00010,5
58.19400,58.19390,0.00010,5
58.23442,58.23432,0.00010,5
58.25666,58.25521,0.00145,5
58.32362,58.32211,0.00151,5
58.36822,58.36779,0.00042,5
58.38003,58.37993,0.00010,5
58.41533,58.41523,0.00010,5
58.42531,58.42180,0.00351,5
58.49583,58.49466,0.00117,5
58.51701,58.51691,0.00010,5
58.57496,58.57344,0.00152,5
58.58959,58.58949,0.00010,5
58.59375,58.59320,0.00055,5
58.61003,58.60796,0.00207,5
58.61773,58.61545,0.00228,5
58.61793,58.61773,0.00020,5
58.62323,58.62313,0.00010,5
58.63557,58.63547,0.00010,5
58.64004,58.63916,0.00089,5
58.65273,58.65052,0.00221,5
58.68837,58.68675,0.00162,5
58.72031,58.72017,0.00014,5
58.88482,58.88266,0.00216,5
58.89389,58.89293,0.00097,5
58.93955,58.93827,0.00128,5
58.98999,58.98907,0.00092,5
59.10494,59.10303,0.00191,5
59.15563,59.15523,0.00040,5
59.19980,59.19970,0.00010,5
59.24285,59.24275,0.00010,5
59.24469,59.24459,0.00010,5
59.38312,59.38165,0.00147,5
59.41676,59.41666,0.00010,5
59.47061,59.47044,0.00017,5
59.49050,59.48949,0.00101,5
59.49736,59.49726,0.00010,5
59.55542,59.55395,0.00147,5
59.61053,59.60980,0.00073,5
59.64413,59.64347,0.00065,5
59.67726,59.67716,0.00010,5
59.77976,59.77805,0.00171,5
59.78811,59.78763,0.00048,5
59.79471,59.79461,0.00010,5
59.82323,59.82313,0.00010,5
59.84087,59.84077,0.00010,5
59.85321,59.85311,0.00010,5
59.88285,59.88148,0.00137,5
59.91415,59.91405,0.00010,5
59.95866,59.95708,0.00158,5
59.96699,59.96645,0.00054,5
59.97962,59.97791,0.00170,5
60.00743,60.00546,0.00197,5
60.02135,60.02004,0.00131,5
60.03500,60.03245,0.00255,5
60.03571,60.03541,0.00030,5
60.09803,60.09793,0.00010,5
60.10594,60.10419,0.00175,5
60.11581,60.11472,0.00109,5
60.16963,60.16703,0.00260,5
60.17100,60.16963,0.00138,5
60.23324,60.23290,0.00034,5
60.25067,60.24935,0.00131,5
60.25431,60.25225,0.00206,5
60.31537,60.31527,0.00010,5
60.35368,60.35258,0.00111,5
60.41745,60.41638,0.00107,5
60.44594,60.44391,0.00203,5
60.48342,60.48264,0.00078,5
60.49114,60.49104,0.00010,5
60.55154,60.55039,0.00115,5
60.59329,60.59319,0.00010,5
60.62493,60.62449,0.00043,5
60.64642,60.64504,0.00138,5
60.67561,60.67482,0.00080,5
60.67582,60.67561,0.00021,5
60.67720,60.67582,0.00138,5
60.70713,60.70685,0.00028,5
60.97454,60.97444,0.00010,5
60.97950,60.97940,0.00010,5
61.02759,61.02723,0.00035,5
61.09823,61.09813,0.00010,5
61.11958,61.11826,0.00132,5
61.24360,61.24350,0.00010,5
61.26638,61.26452,0.00185,5
61.26797,61.26662,0.00135,5
61.29307,61.29202,0.00105,5
61.29859,61.29843,0.00016,5
61.30941,61.30908,0.00032,5
61.33560,61.33479,0.00081,5
61.33747,61.33722,0.00024,5
61.34806,61.34796,0.00010,5
61.34960,61.34897,0.00063,5
61.36398,61.36388,0.00010,5
61.38912,61.38764,0.00148,5
61.43831,61.43672,0.00159,5
61.50741,61.50600,0.00141,5
61.54957,61.54942,0.00015,5
61.55134,61.55017,0.00117,5
61.57555,61.57545,0.00010,5
61.62793,61.62675,0.00118,5
61.63286,61.63276,0.00010,5
61.65512,61.65338,0.00174,5
61.67431,61.67362,0.00069,5
61.68763,61.68636,0.00126,5
61.74583,61.74430,0.00153,5
61.80018,61.79820,0.00198,5
61.83549,61.83539,0.00010,5
61.86575,61.86565,0.00010,5
61.88316,61.88306,0.00010,5
61.90710,61.90482,0.00228,5
61.92488,61.92398,0.00090,5
61.92963,61.92953,0.00010,5
61.93323,61.93313,0.00010,5
62.02288,62.02181,0.00107,5
62.06476,62.06466,0.00010,5
62.10994,62.10938,0.00056,5
62.24182,62.24143,0.00039,5
62.26844,62.26739,0.00105,5
62.26861,62.26851,0.00010,5
62.28390,62.28256,0.00134,5
62.30710,62.30700,0.00010,5
62.31310,62.31272,0.00037,5
62.31843,62.31693,0.00150,5
62.31911,62.31901,0.00010,5
62.33158,62.33148,0.00010,5
62.41313,62.41254,0.00058,5
62.41893,62.41872,0.00021,5
62.45021,62.44954,0.00067,5
62.45759,62.45602,0.00156,5
62.53094,62.52999,0.00096,5
62.64571,62.64485,0.00085,5
62.70820,62.70680,0.00140,5
62.73182,62.73086,0.00095,5
62.74600,62.74390,0.00209,5
62.77623,62.77613,0.00010,5
62.81707,62.81529,0.00178,5
62.82722,62.82653,0.00069,5
62.83550,62.83386,0.00164,5
62.89395,62.89299,0.00096,5
62.93142,62.93132,0.00010,5
62.93688,62.93678,0.00010,5
63.02022,63.01960,0.00062,5
63.15403,63.15322,0.00082,5
63.25518,63.25309,0.00210,5
63.31089,63.31079,0.00010,5
63.33098,63.33088,0.00010,5
63.35955,63.35917,0.00038,5
63.40641,63.40586,0.00055,5
63.42990,63.42910,0.00081,5
63.43838,63.43795,0.00044,5
63.46035,63.45988,0.00048,5
63.47980,63.47887,0.00093,5
63.50044,63.49831,0.00213,5
63.50566,63.50556,0.00010,5
63.50749,63.50674,0.00075,5
63.51023,63.50925,0.00098,5
63.52351,63.52341,0.00010,5
63.59519,63.59434,0.00086,5
63.60521,63.60431,0.00090,5
63.60749,63.60521,0.00228,5
63.60824,63.60762,0.00063,5
63.61891,63.61881,0.00010,5
63.62814,63.62643,0.00171,5
63.62913,63.62814,0.00099,5
63.62998,63.62988,0.00010,5
63.64329,63.64315,0.00014,5
63.66244,63.66224,0.00021,5
63.66671,63.66582,0.00090,5
63.67959,63.67870,0.00089,5
63.71942,63.71880,0.00061,5
63.71952,63.71942,0.00010,5
63.77818,63.77748,0.00070,5
63.78155,63.78145,0.00010,5
63.79599,63.79445,0.00154,5
63.84182,63.84080,0.00102,5
63.84692,63.84606,0.00085,5
63.87319,63.87095,0.00225,5
63.87808,63.87798,0.00010,5
63.87931,63.87853,0.00078,5
63.88544,63.88534,0.00010,5
63.92935,63.92900,0.00035,5
63.93175,63.93031,0.00144,5
63.93362,63.93216,0.00146,5
63.95448,63.95365,0.00082,5
64.03096,64.03086,0.00010,5
64.04719,64.04709,0.00010,5
64.04950,64.04827,0.00123,5
64.05900,64.05890,0.00010,5
64.06305,64.06295,0.00010,5
64.07255,64.07104,0.00151,5
64.10692,64.10612,0.00080,5
64.10802,64.10792,0.00010,5
64.14892,64.14750,0.00142,5
64.15186,64.15080,0.00106,5
64.19956,64.19839,0.00117,5
64.22708,64.22598,0.00111,5
64.22915,64.22708,0.00207,5
64.24238,64.24020,0.00218,5
64.24327,64.24238,0.00089,5
64.33347,64.33337,0.00010,5
64.36694,64.36648,0.00046,5
64.36995,64.36895,0.00100,5
64.38682,64.38629,0.00053,5
64.40148,64.40138,0.00010,5
64.40674,64.40503,0.00172,5
64.43059,64.42933,0.00126,5
64.43498,64.43373,0.00125,5
64.43749,64.43739,0.00010,5
64.44689,64.44489,0.00200,5
64.52248,64.52238,0.00010,5
64.52430,64.52420,0.00010,5
64.62182,64.62082,0.00099,5
64.63082,64.62745,0.00337,5
64.67410,64.67311,0.00100,5
64.74105,64.74095,0.00010,5
64.88349,64.88255,0.00093,5
64.92113,64.92103,0.00010,5
64.94297,64.94022,0.00274,5
64.96950,64.96847,0.00102,5
64.97042,64.96950,0.00092,5
64.98279,64.98268,0.00011,5
64.98289,64.98279,0.00010,5
64.98782,64.98772,0.00010,5
64.99002,64.98880,0.00121,5
65.01461,65.01426,0.00035,5
65.06530,65.06358,0.00172,5
65.08532,65.08440,0.00091,5
65.09176,65.09084,0.00092,5
65.10785,65.10775,0.00010,5
65.11832,65.11632,0.00200,5
65.12806,65.12796,0.00010,5
65.14003,65.13988,0.00015,5
65.14189,65.14087,0.00103,5
65.14403,65.14393,0.00010,5
65.29405,65.29395,0.00010,5
65.30825,65.30730,0.00094,5
65.31491,65.31347,0.00144,5
65.34016,65.33783,0.00233,5
65.35588,65.35457,0.00130,5
65.37242,65.37232,0.00010,5
65.43111,65.43101,0.00010,5
65.51592,65.51582,0.00010,5
65.53459,65.53449,0.00010,5
65.56258,65.55922,0.00336,5
65.56299,65.56258,0.00041,5
65.57707,65.57697,0.00010,5
65.61120,65.61092,0.00028,5
65.69043,65.69033,0.00010,5
65.72547,65.72537,0.00010,5
65.73702,65.73692,0.00010,5
65.74341,65.74180,0.00160,5
65.74952,65.74843,0.00109,5
65.75477,65.75467,0.00010,5
65.83707,65.83697,0.00010,5
65.84903,65.84751,0.00152,5
65.88514,65.88479,0.00035,5
65.89771,65.89552,0.00220,5
65.91917,65.91707,0.00210,5
65.92821,65.92734,0.00088,5
65.93859,65.93803,0.00057,5
65.96436,65.96274,0.00162,5
65.96789,65.96779,0.00010,5
66.01331,66.01260,0.00070,5
66.02937,66.02927,0.00010,5
66.07213,66.07203,0.00010,5
66.10076,66.10066,0.00010,5
66.18562,66.18552,0.00010,5
66.18777,66.18657,0.00121,5
66.19808,66.19787,0.00020,5
66.28645,66.28472,0.00173,5
66.31158,66.30998,0.00159,5
66.33911,66.33833,0.00078,5
66.36634,66.36599,0.00035,5
66.37160,66.37052,0.00109,5
66.38166,66.37959,0.00207,5
66.38938,66.38928,0.00010,5
66.41025,66.40908,0.00117,5
66.43673,66.43649,0.00024,5
66.44806,66.44796,0.00010,5
66.46119,66.46090,0.00029,5
66.47822,66.47812,0.00010,5
66.48601,66.48512,0.00089,5
66.53529,66.53404,0.00125,5
66.58172,66.57943,0.00229,5
66.60026,66.59935,0.00091,5
66.64576,66.64518,0.00058,5
66.69048,66.69038,0.00010,5
66.69729,66.69637,0.00093,5
66.74507,66.74497,0.00010,5
66.75905,66.75895,0.00010,5
66.80044,66.80011,0.00034,5
66.80545,66.80499,0.00046,5
66.91223,66.91124,0.00100,5
66.93335,66.93190,0.00145,5
66.98031,66.97943,0.00089,5
66.98041,66.98031,0.00010,5
67.00986,67.00976,0.00010,5
67.01952,67.01942,0.00010,5
67.05390,67.05380,0.00010,5
67.08225,67.08184,0.00041,5
67.08755,67.08745,0.00010,5
67.10472,67.10462,0.00010,5
67.15198,67.15072,0.00126,5
67.15911,67.15728,0.00183,5
67.16432,67.16422,0.00010,5
67.16879,67.16748,0.00130,5
67.20983,67.20755,0.00228,5
67.23780,67.23632,0.00147,5
67.25310,67.25300,0.00010,5
67.27801,67.27754,0.00047,5
67.31292,67.31163,0.00129,5
67.33583,67.33393,0.00190,5
67.34590,67.34453,0.00137,5
67.41799,67.41598,0.00201,5
67.42187,67.41909,0.00278,5
67.42687,67.42491,0.00196,5
67.43708,67.43654,0.00054,5
67.43922,67.43893,0.00029,5
67.44481,67.44328,0.00153,5
67.44845,67.44700,0.00145,5
67.58150,67.58039,0.00111,5
67.63564,67.63451,0.00113,5
67.75023,67.74993,0.00030,5
67.76342,67.76332,0.00010,5
67.77164,67.77154,0.00010,5
67.88099,67.87943,0.00156,5
67.94033,67.93945,0.00089,5
67.97357,67.97347,0.00010,5
67.99076,67.98993,0.00083,5
68.05845,68.05782,0.00063,5
68.09393,68.09383,0.00010,5
68.13062,68.13052,0.00010,5
68.14497,68.14338,0.00158,5
68.15864,68.15766,0.00098,5
68.16039,68.16029,0.00010,5
68.29043,68.28843,0.00201,5
68.29210,68.29123,0.00087,5
68.31140,68.31087,0.00052,5
68.32568,68.32286,0.00282,5
68.32872,68.32568,0.00304,5
68.34789,68.34683,0.00105,5
68.46827,68.46696,0.00131,5
68.46958,68.46948,0.00010,5
68.47034,68.46998,0.00035,5
68.47891,68.47825,0.00066,5
68.48836,68.48826,0.00010,5
68.49249,68.49239,0.00010,5
68.49976,68.49868,0.00108,5
68.54357,68.53999,0.00358,5
68.55583,68.55459,0.00123,5
68.56516,68.56482,0.00034,5
68.59664,68.59654,0.00010,5
68.63355,68.63340,0.00015,5
68.65063,68.64825,0.00238,5
68.65764,68.65705,0.00059,5
68.71269,68.71259,0.00010,5
68.73461,68.73328,0.00133,5
68.75707,68.75564,0.00142,5
68.86738,68.86620,0.00118,5
68.87633,68.87608,0.00024,5
68.90864,68.90807,0.00058,5
68.93682,68.93672,0.00010,5
69.03066,69.03055,0.00011,5
69.03735,69.03724,0.00011,5
69.04962,69.04949,0.00013,5
69.08341,69.08087,0.00253,5
69.08824,69.08814,0.00010,5
69.12167,69.12065,0.00103,5
69.26375,69.26227,0.00148,5
69.27685,69.27675,0.00010,5
69.33070,69.33054,0.00016,5
69.33958,69.33916,0.00042,5
69.34273,69.34105,0.00168,5
69.34663,69.34449,0.00215,5
69.37558,69.37548,0.00010,5
69.39182,69.39172,0.00010,5
69.40238,69.40110,0.00128,5
69.41354,69.41186,0.00168,5
69.41490,69.41354,0.00136,5
69.48394,69.48384,0.00010,5
69.53299,69.53189,0.00110,5
69.55423,69.55339,0.00084,5
69.57953,69.57913,0.00041,5
69.61243,69.61081,0.00162,5
69.66460,69.66185,0.00275,5
69.66597,69.66460,0.00137,5
69.75515,69.75397,0.00118,5
69.80437,69.80362,0.00075,5
69.82858,69.82702,0.00156,5
69.85941,69.85931,0.00010,5
69.86369,69.86288,0.00081,5
69.87102,69.86821,0.00281,5
69.88374,69.88227,0.00147,5
69.97527,69.97379,0.00148,5
70.03439,70.03328,0.00111,5
70.04783,70.04673,0.00110,5
70.05901,70.05879,0.00022,5
70.09267,70.09257,0.00010,5
70.09398,70.09388,0.00010,5
70.14322,70.14312,0.00010,5
70.15519,70.15335,0.00184,5
70.17572,70.17562,0.00010,5
70.18879,70.18869,0.00010,5
70.28780,70.28770,0.00010,5
70.29026,70.28926,0.00100,5
70.29430,70.29303,0.00127,5
70.39545,70.39489,0.00056,5
70.42779,70.42691,0.00088,5
70.45431,70.45172,0.00259,5
70.45454,70.45431,0.00024,5
70.48345,70.48295,0.00051,5
70.50616,70.50577,0.00038,5
70.52135,70.52125,0.00010,5
70.54405,70.54335,0.00071,5
70.63599,70.63589,0.00010,5
70.68724,70.68714,0.00010,5
70.69478,70.69424,0.00055,5
70.79619,70.79609,0.00010,5
70.80741,70.80731,0.00010,5
70.82133,70.82123,0.00010,5
70.85734,70.85724,0.00010,5
70.88834,70.88770,0.00064,5
70.88944,70.88934,0.00010,5
70.91298,70.91228,0.00071,5
71.01508,71.01455,0.00053,5
71.13874,71.13864,0.00010,5
71.16241,71.16138,0.00102,5
71.18851,71.18707,0.00145,5
71.20772,71.20577,0.00195,5
71.22459,71.22357,0.00102,5
71.25479,71.25343,0.00135,5
71.26880,71.26803,0.00076,5
71.28592,71.28358,0.00234,5
71.28603,71.28592,0.00011,5
71.33361,71.33249,0.00112,5
71.36324,71.36129,0.00195,5
71.38532,71.38461,0.00071,5
71.43965,71.43955,0.00010,5
71.44310,71.44257,0.00053,5
71.52781,71.52771,0.00010,5
71.61601,71.61454,0.00146,5
71.62884,71.62735,0.00149,5
71.65829,71.65654,0.00175,5
71.70482,71.70472,0.00010,5
71.72310,71.72152,0.00158,5
71.73515,71.73375,0.00140,5
71.77171,71.76997,0.00175,5
71.81473,71.81463,0.00010,5
71.83587,71.83568,0.00019,5
71.87161,71.87073,0.00088,5
71.93343,71.93105,0.00238,5
71.93724,71.93617,0.00107,5
71.96314,71.96197,0.00117,5
71.98698,71.98611,0.00088,5
72.01371,72.01361,0.00010,5
72.02649,72.02596,0.00053,5
72.05181,72.05097,0.00084,5
72.08729,72.08560,0.00169,5
72.09043,72.08856,0.00186,5
72.15876,72.15844,0.00032,5
72.24142,72.24088,0.00054,5
72.34041,72.33890,0.00151,5
72.46444,72.46237,0.00207,5
72.47639,72.47596,0.00043,5
72.49014,72.48704,0.00310,5
72.49299,72.49289,0.00010,5
72.52256,72.52099,0.00157,5
72.55139,72.55103,0.00036,5
72.58710,72.58578,0.00131,5
72.59618,72.59449,0.00169,5
72.67301,72.67277,0.00024,5
72.69618,72.69418,0.00200,5
72.69784,72.69699,0.00086,5
72.74113,72.73942,0.00171,5
72.78895,72.78719,0.00177,5
72.83308,72.83298,0.00010,5
72.88973,72.88824,0.00149,5
72.90427,72.90341,0.00086,5
72.92203,72.92180,0.00023,5
72.92722,72.92648,0.00074,5
72.94970,72.94887,0.00083,5
72.99434,72.99257,0.00177,5
73.02956,73.02946,0.00010,5
73.06474,73.06295,0.00179,5
73.11300,73.11290,0.00010,5
73.17996,73.17801,0.00194,5
73.22996,73.22928,0.00068,5
73.27294,73.27284,0.00010,5
73.30995,73.30985,0.00010,5
73.32717,73.32578,0.00139,5
73.34016,73.33870,0.00147,5
73.39260,73.39218,0.00042,5
73.41261,73.41251,0.00010,5
73.43535,73.43279,0.00256,5
73.43909,73.43897,0.00013,5
73.49596,73.49467,0.00129,5
73.50130,73.49995,0.00135,5
73.57312,73.57274,0.00038,5
73.66561,73.66345,0.00216,5
73.67373,73.67363,0.00010,5
73.71492,73.71457,0.00035,5
73.72808,73.72732,0.00077,5
73.78031,73.78006,0.00025,5
73.82999,73.82989,0.00010,5
73.85956,73.85833,0.00123,5
73.99455,73.99382,0.00073,5
74.12486,74.12415,0.00071,5
74.13988,74.13729,0.00258,5
74.15887,74.15877,0.00010,5
74.16413,74.16174,0.00239,5
74.16618,74.16608,0.00010,5
74.18756,74.18661,0.00095,5
74.19078,74.18934,0.00143,5
74.22273,74.22207,0.00066,5
74.22469,74.22390,0.00080,5
74.23096,74.23059,0.00037,5
74.23657,74.23647,0.00010,5
74.24962,74.24923,0.00039,5
74.28645,74.28613,0.00032,5
74.37215,74.37205,0.00010,5
74.41474,74.41332,0.00142,5
74.47362,74.47333,0.00029,5
74.47898,74.47888,0.00010,5
74.58947,74.58937,0.00010,5
74.59298,74.59288,0.00010,5
74.64946,74.64926,0.00020,5
74.69397,74.69305,0.00092,5
74.69691,74.69539,0.00151,5
74.72234,74.72165,0.00069,5
74.73654,74.73644,0.00010,5
74.75755,74.75457,0.00299,5
74.76540,74.76530,0.00010,5
74.80552,74.80542,0.00010,5
74.92079,74.91871,0.00208,5
74.95588,74.95468,0.00120,5
75.05869,75.05859,0.00010,5
75.06360,75.06350,0.00010,5
75.09672,75.09662,0.00010,5
75.15225,75.15215,0.00010,5
75.22844,75.22764,0.00080,5
75.23236,75.23204,0.00032,5
75.27383,75.27373,0.00010,5
75.28688,75.28562,0.00126,5
75.29806,75.29796,0.00010,5
75.30182,75.29953,0.00229,5
75.33618,75.33568,0.00051,5
75.36604,75.36492,0.00113,5
75.38158,75.38148,0.00010,5
75.40808,75.40703,0.00105,5
75.45762,75.45652,0.00110,5
75.47829,75.47803,0.00027,5
75.51010,75.50962,0.00048,5
75.51753,75.51584,0.00169,5
75.53361,75.53351,0.00010,5
75.56165,75.56125,0.00040,5
75.56498,75.56488,0.00010,5
75.59707,75.59689,0.00018,5
75.61447,75.61319,0.00128,5
75.63817,75.63639,0.00178,5
75.64366,75.64205,0.00161,5
75.67093,75.67023,0.00070,5
75.68159,75.68049,0.00110,5
75.69135,75.69052,0.00084,5
75.69145,75.69135,0.00010,5
75.80105,75.80095,0.00010,5
75.87275,75.87265,0.00010,5
75.93095,75.93085,0.00010,5
76.00141,76.00049,0.00092,5
76.05088,76.04792,0.00295,5
76.09551,76.09534,0.00017,5
76.15920,76.15910,0.00010,5
76.16631,76.16598,0.00033,5
76.17036,76.16959,0.00077,5
76.19240,76.19230,0.00010,5
76.29319,76.29251,0.00069,5
76.30030,76.29891,0.00139,5
76.31071,76.31050,0.00021,5
76.36762,76.36583,0.00179,5
76.37423,76.37413,0.00010,5
76.40018,76.39968,0.00049,5
76.45998,76.45778,0.00220,5
76.46973,76.46811,0.00162,5
76.47897,76.47887,0.00010,5
76.48343,76.48314,0.00029,5
76.52621,76.52562,0.00059,5
76.53107,76.52985,0.00122,5
76.56736,76.56679,0.00057,5
76.62683,76.62673,0.00010,5
76.63117,76.63107,0.00010,5
76.66596,76.66435,0.00161,5
76.70313,76.70081,0.00232,5
76.72584,76.72345,0.00239,5
76.76352,76.76330,0.00023,5
76.78312,76.78196,0.00116,5
76.90099,76.90089,0.00010,5
76.90242,76.90232,0.00010,5
77.03660,77.03565,0.00095,5
77.05255,77.05170,0.00084,5
77.10460,77.10450,0.00010,5
77.11903,77.11823,0.00080,5
77.14884,77.14847,0.00037,5
77.16923,77.16762,0.00160,5
77.18868,77.18700,0.00168,5
77.21998,77.21917,0.00081,5
77.24144,77.24118,0.00026,5
77.28062,77.27997,0.00065,5
77.30693,77.30594,0.00099,5
77.32120,77.32075,0.00044,5
77.32348,77.32237,0.00112,5
77.32986,77.32976,0.00010,5
77.33514,77.33250,0.00264,5
77.34422,77.34412,0.00010,5
77.35832,77.35822,0.00010,5
77.40582,77.40515,0.00067,5
77.50535,77.50525,0.00010,5
77.52159,77.51982,0.00177,5
77.52337,77.52306,0.00032,5
77.54223,77.54166,0.00058,5
77.54326,77.54247,0.00079,5
77.55476,77.55352,0.00124,5
77.59401,77.59362,0.00038,5
77.62848,77.62734,0.00113,5
77.68153,77.68075,0.00078,5
77.72813,77.72795,0.00018,5
77.81903,77.81893,0.00010,5
77.84770,77.84760,0.00010,5
77.87005,77.86989,0.00016,5
77.89342,77.89332,0.00010,5
77.89559,77.89549,0.00010,5
77.95568,77.95558,0.00010,5
78.03640,78.03625,0.00015,5
78.06206,78.06196,0.00010,5
78.12485,78.12475,0.00010,5
78.13858,78.13792,0.00066,5
78.16339,78.16229,0.00110,5
78.24251,78.24061,0.00191,5
78.27386,78.27376,0.00010,5
78.36000,78.35990,0.00010,5
78.43858,78.43848,0.00010,5
78.49929,78.49919,0.00010,5
78.52264,78.52254,0.00010,5
78.56182,78.56145,0.00037,5
78.56247,78.56192,0.00056,5
78.59353,78.59237,0.00116,5
78.72906,78.72847,0.00059,5
78.75988,78.75978,0.00010,5
78.83733,78.83723,0.00010,5
78.84736,78.84637,0.00098,5
78.87976,78.87865,0.00112,5
78.88299,78.88152,0.00147,5
78.99665,78.99601,0.00064,5
79.00752,79.00720,0.00032,5
79.07743,79.07639,0.00104,5
79.08854,79.08765,0.00089,5
79.24457,79.24404,0.00053,5
79.32123,79.31821,0.00302,5
79.33906,79.33747,0.00159,5
79.36264,79.36254,0.00010,5
79.38802,79.38541,0.00261,5
79.41053,79.41000,0.00053,5
79.42809,79.42799,0.00010,5
79.43795,79.43785,0.00010,5
79.49281,79.49262,0.00019,5
79.49781,79.49678,0.00103,5
79.51758,79.51687,0.00071,5
79.52903,79.52890,0.00013,5
79.57942,79.57875,0.00067,5
79.61558,79.61514,0.00044,5
79.65676,79.65493,0.00183,5
79.79322,79.79117,0.00205,5
79.80433,79.80423,0.00010,5
79.80909,79.80622,0.00287,5
79.83261,79.83248,0.00013,5
79.86501,79.86443,0.00058,5
79.87453,79.87340,0.00114,5
79.87641,79.87631,0.00010,5
79.91257,79.91156,0.00101,5
79.91636,79.91455,0.00181,5
79.92161,79.92019,0.00141,5
79.93622,79.93548,0.00074,5
79.95454,79.95444,0.00010,5
79.97624,79.97614,0.00010,5
79.98059,79.98002,0.00057,5
79.98337,79.98327,0.00010,5
79.98870,79.98860,0.00010,5
79.99196,79.99056,0.00140,5
80.01189,80.01179,0.00010,5
80.01492,80.01290,0.00202,5
80.01869,80.01859,0.00010,5
80.06498,80.06488,0.00010,5
80.08261,80.08008,0.00253,5
80.08473,80.08354,0.00119,5
80.10124,80.10114,0.00010,5
80.10421,80.10378,0.00043,5
80.10501,80.10491,0.00010,5
80.13142,80.13132,0.00010,5
80.13430,80.13384,0.00046,5
80.15421,80.15293,0.00128,5
80.17088,80.17010,0.00078,5
80.17930,80.17660,0.00270,5
80.19819,80.19772,0.00046,5
80.20109,80.20099,0.00010,5
80.23294,80.23157,0.00136,5
80.24419,80.24409,0.00010,5
80.25147,80.25137,0.00010,5
80.26104,80.26047,0.00056,5
80.27791,80.27781,0.00010,5
80.37888,80.37878,0.00010,5
80.44310,80.44300,0.00010,5
80.48072,80.47935,0.00137,5
80.50188,80.50026,0.00161,5
80.52333,80.52067,0.00266,5
80.58084,80.57969,0.00115,5
80.58962,80.58927,0.00035,5
80.59176,80.59166,0.00010,5
80.59670,80.59509,0.00161,5
80.61942,80.61820,0.00122,5
80.73635,80.73552,0.00083,5
80.74018,80.73979,0.00039,5
80.80814,80.80804,0.00010,5
80.81457,80.81409,0.00048,5
80.81467,80.81457,0.00010,5
80.88946,80.88936,0.00010,5
80.89361,80.89278,0.00083,5
80.93187,80.93024,0.00163,5
80.97344,80.97334,0.00010,5
80.98046,80.97847,0.00199,5
81.03575,81.03547,0.00027,5
81.09055,81.08951,0.00104,5
81.13150,81.13093,0.00058,5
81.16734,81.16702,0.00031,5
81.19027,81.18998,0.00029,5
81.25364,81.25349,0.00015,5
81.27505,81.27391,0.00114,5
81.29443,81.29433,0.00010,5
81.29988,81.29953,0.00035,5
81.30296,81.30257,0.00040,5
81.30715,81.30585,0.00130,5
81.31775,81.31576,0.00199,5
81.32244,81.32167,0.00077,5
81.33905,81.33793,0.00112,5
81.43487,81.43446,0.00041,5
81.43993,81.43907,0.00086,5
81.45564,81.45554,0.00010,5
81.52026,81.51888,0.00138,5
81.55057,81.54895,0.00162,5
81.55160,81.55057,0.00103,5
81.55644,81.55634,0.00010,5
81.58763,81.58753,0.00010,5
81.66261,81.66251,0.00010,5
81.66549,81.66428,0.00122,5
81.70523,81.70249,0.00274,5
81.72465,81.72455,0.00010,5
81.74176,81.73935,0.00241,5
81.74335,81.74176,0.00159,5
81.79399,81.79389,0.00010,5
81.80210,81.80191,0.00018,5
81.81677,81.81667,0.00010,5
81.83965,81.83762,0.00203,5
81.88479,81.88411,0.00068,5
81.88910,81.88814,0.00096,5
81.91213,81.91163,0.00050,5
81.94762,81.94716,0.00046,5
81.97848,81.97640,0.00208,5
82.00258,82.00089,0.00168,5
82.00579,82.00569,0.00010,5
82.01221,82.01211,0.00010,5
82.04872,82.04762,0.00110,5
82.07486,82.07476,0.00010,5
82.11852,82.11779,0.00073,5
82.20638,82.20557,0.00081,5
82.21176,82.21107,0.00069,5
82.26354,82.26260,0.00094,5
82.27448,82.27335,0.00113,5
82.27529,82.27462,0.00067,5
82.28785,82.28708,0.00076,5
82.31284,82.31115,0.00169,5
82.31438,82.31428,0.00010,5
82.32200,82.32078,0.00122,5
82.36040,82.36030,0.00010,5
82.44426,82.44168,0.00258,5
82.44519,82.44486,0.00032,5
82.46716,82.46594,0.00122,5
82.48160,82.48063,0.00097,5
82.53129,82.53119,0.00010,5
82.57456,82.57446,0.00010,5
82.60269,82.60259,0.00010,5
82.65481,82.65287,0.00194,5
82.67738,82.67728,0.00010,5
82.68793,82.68783,0.00010,5
82.69461,82.69451,0.00010,5
82.74313,82.74287,0.00026,5
82.74607,82.74448,0.00160,5
82.75831,82.75612,0.00219,5
82.78716,82.78655,0.00061,5
82.83032,82.83022,0.00010,5
82.90913,82.90853,0.00060,5
82.90947,82.90937,0.00010,5
83.00113,83.00059,0.00054,5
83.01058,83.00927,0.00131,5
83.02637,83.02627,0.00010,5
83.09957,83.09866,0.00091,5
83.15599,83.15589,0.00010,5
83.17599,83.17402,0.00197,5
83.19599,83.19452,0.00146,5
83.23992,83.23780,0.00213,5
83.24503,83.24458,0.00045,5
83.29748,83.29738,0.00010,5
83.31162,83.31048,0.00114,5
83.34792,83.34782,0.00010,5
83.37463,83.37453,0.00010,5
83.41275,83.41265,0.00010,5
83.43984,83.43782,0.00202,5
83.44739,83.44666,0.00072,5
83.47666,83.47515,0.00151,5
83.49240,83.49028,0.00212,5
83.52938,83.52928,0.00010,5
83.53318,83.53269,0.00050,5
83.57006,83.56925,0.00081,5
83.58188,83.58158,0.00031,5
83.60803,83.60601,0.00202,5
83.60898,83.60803,0.00095,5
83.61770,83.61519,0.00251,5
83.68522,83.68512,0.00010,5
83.70918,83.70792,0.00126,5
83.73274,83.73221,0.00052,5
83.81515,83.81505,0.00010,5
83.82080,83.81910,0.00170,5
83.82912,83.82902,0.00010,5
83.84104,83.84045,0.00059,5
83.89842,83.89832,0.00010,5
83.90324,83.90243,0.00081,5
83.94613,83.94603,0.00010,5
84.02596,84.02554,0.00041,5
84.15971,84.15783,0.00188,5
84.16475,84.16453,0.00023,5
84.17617,84.17412,0.00204,5
84.18418,84.18267,0.00151,5
84.21284,84.21117,0.00167,5
84.23326,84.23316,0.00010,5
84.27227,84.27124,0.00104,5
84.28702,84.28567,0.00135,5
84.28978,84.28794,0.00184,5
84.29120,84.28978,0.00141,5
84.30563,84.30386,0.00177,5
84.32545,84.32340,0.00205,5
84.35031,84.34940,0.00092,5
84.42241,84.42231,0.00010,5
84.48121,84.48016,0.00106,5
84.48271,84.48261,0.00010,5
84.49737,84.49649,0.00088,5
84.53195,84.53071,0.00124,5
84.59666,84.59582,0.00084,5
84.63804,84.63728,0.00076,5
84.64756,84.64670,0.00086,5
84.64864,84.64756,0.00108,5
84.70675,84.70604,0.00071,5
84.77925,84.77781,0.00144,5
84.79045,84.79035,0.00010,5
84.83244,84.83137,0.00107,5
84.90386,84.90376,0.00010,5
84.93370,84.93195,0.00174,5
84.93564,84.93554,0.00010,5
84.96954,84.96944,0.00010,5
84.98397,84.98351,0.00046,5
85.02359,85.02206,0.00153,5
85.06200,85.06086,0.00114,5
85.08650,85.08541,0.00109,5
85.10385,85.10281,0.00103,5
85.15631,85.15621,0.00010,5
85.17631,85.17621,0.00010,5
85.25744,85.25646,0.00098,5
85.35485,85.35239,0.00247,5
85.36169,85.36150,0.00019,5
85.37255,85.37131,0.00124,5
85.39059,85.38967,0.00091,5
85.40338,85.40187,0.00150,5
85.40604,85.40480,0.00125,5
85.41979,85.41884,0.00095,5
85.45963,85.45953,0.00010,5
85.53356,85.53302,0.00054,5
85.53720,85.53685,0.00035,5
85.57610,85.57600,0.00010,5
85.60655,85.60552,0.00103,5
85.62760,85.62727,0.00032,5
85.63236,85.63226,0.00010,5
85.70299,85.70289,0.00010,5
85.70516,85.70405,0.00111,5
85.73306,85.73296,0.00010,5
85.78846,85.78836,0.00010,5
85.80315,85.80194,0.00121,5
85.92325,85.92315,0.00010,5
85.92542,85.92326,0.00216,5
85.93936,85.93884,0.00052,5
85.94768,85.94758,0.00010,5
85.95283,85.95273,0.00010,5
85.99413,85.99403,0.00010,5
86.02119,86.01934,0.00185,5
86.12052,86.12042,0.00010,5
86.13066,86.13030,0.00036,5
86.15409,86.15241,0.00168,5
86.15556,86.15409,0.00147,5
86.16777,86.16734,0.00043,5
86.22041,86.22031,0.00010,5
86.23569,86.23474,0.00095,5
86.27556,86.27482,0.00074,5
86.27849,86.27746,0.00102,5
86.30127,86.29947,0.00180,5
86.42797,86.42688,0.00110,5
86.44090,86.44080,0.00010,5
86.45266,86.45181,0.00085,5
86.49535,86.49520,0.00015,5
86.51111,86.50869,0.00242,5
86.51209,86.51199,0.00010,5
86.53648,86.53611,0.00038,5
86.56539,86.56379,0.00160,5
86.67116,86.66935,0.00181,5
86.67477,86.67375,0.00102,5
86.67675,86.67513,0.00162,5
86.68838,86.68686,0.00152,5
86.69240,86.68895,0.00344,5
86.72195,86.72185,0.00010,5
86.76973,86.76963,0.00010,5
86.82563,86.82435,0.00127,5
86.83467,86.83434,0.00033,5
86.84265,86.84247,0.00019,5
86.86271,86.86261,0.00010,5
86.89906,86.89828,0.00078,5
86.90823,86.90812,0.00012,5
86.95759,86.95749,0.00010,5
87.00680,87.00670,0.00010,5
87.00912,87.00874,0.00038,5
87.03500,87.03233,0.00266,5
87.06876,87.06677,0.00200,5
87.10859,87.10546,0.00313,5
87.12814,87.12572,0.00243,5
87.17544,87.17534,0.00010,5
87.17621,87.17563,0.00058,5
87.19037,87.18676,0.00362,5
87.23726,87.23640,0.00087,5
87.23931,87.23921,0.00010,5
87.27344,87.27123,0.00221,5
87.29018,87.29008,0.00010,5
87.35933,87.35815,0.00118,5
87.37066,87.36887,0.00179,5
87.37365,87.37112,0.00253,5
87.40110,87.40100,0.00010,5
87.41270,87.41182,0.00088,5
87.44627,87.44617,0.00010,5
87.45012,87.45002,0.00010,5
87.50789,87.50674,0.00115,5
87.55889,87.55785,0.00103,5
87.63271,87.63142,0.00130,5
87.67116,87.67106,0.00010,5
87.69616,87.69448,0.00168,5
87.72630,87.72486,0.00144,5
87.81618,87.81550,0.00068,5
87.82383,87.82133,0.00250,5
87.83459,87.83435,0.00024,5
87.90353,87.90322,0.00031,5
87.95464,87.95279,0.00185,5
87.95730,87.95720,0.00010,5
87.99915,87.99679,0.00236,5
88.01635,88.01464,0.00171,5
88.01907,88.01897,0.00010,5
88.04671,88.04552,0.00118,5
88.07945,88.07868,0.00077,5
88.09053,88.09043,0.00010,5
88.15634,88.15624,0.00010,5
88.21177,88.21167,0.00010,5
88.21479,88.21469,0.00010,5
88.22268,88.22249,0.00019,5
88.35833,88.35823,0.00010,5
88.36636,88.36605,0.00031,5
88.48362,88.48177,0.00185,5
88.53098,88.53048,0.00050,5
88.61344,88.61234,0.00110,5
88.65255,88.65245,0.00010,5
88.65598,88.65515,0.00084,5
88.76026,88.75784,0.00242,5
88.79773,88.79763,0.00010,5
88.80297,88.80185,0.00112,5
88.81104,88.81037,0.00067,5
88.86201,88.86018,0.00183,5
88.89856,88.89625,0.00231,5
88.90115,88.90105,0.00010,5
88.93751,88.93741,0.00010,5
88.98045,88.97959,0.00086,5
89.06953,89.06943,0.00010,5
89.13361,89.13274,0.00087,5
89.14014,89.13984,0.00030,5
89.18888,89.18878,0.00010,5
89.23613,89.23505,0.00107,5
89.34828,89.34772,0.00056,5
89.39033,89.38803,0.00230,5
89.39283,89.39244,0.00039,5
89.39340,89.39330,0.00010,5
89.41122,89.40872,0.00251,5
89.42377,89.42192,0.00185,5
89.43251,89.43149,0.00102,5
89.43833,89.43752,0.00080,5
89.45050,89.44996,0.00054,5
89.53428,89.53418,0.00010,5
89.58216,89.58206,0.00010,5
89.60806,89.60796,0.00010,5
89.68592,89.68472,0.00120,5
89.74232,89.74007,0.00225,5
89.76590,89.76559,0.00031,5
89.79038,89.78875,0.00164,5
89.82223,89.82131,0.00092,5
89.84256,89.84001,0.00255,5
89.85996,89.85839,0.00157,5
89.88430,89.88345,0.00085,5
89.88961,89.88900,0.00061,5
89.92635,89.92557,0.00078,5
89.93237,89.93059,0.00178,5
89.99865,89.99855,0.00010,5
90.03253,90.03150,0.00103,5
90.05117,90.04995,0.00122,5
90.11613,90.11603,0.00010,5
90.19591,90.19581,0.00010,5
90.19725,90.19602,0.00123,5
90.21899,90.21827,0.00072,5
90.24530,90.24520,0.00010,5
90.25331,90.25321,0.00010,5
90.27911,90.27863,0.00048,5
90.29301,90.29182,0.00119,5
90.31107,90.31097,0.00010,5
90.32354,90.32132,0.00222,5
90.37306,90.37078,0.00228,5
90.38133,90.38120,0.00013,5
90.42489,90.42436,0.00053,5
90.47780,90.47770,0.00010,5
90.62168,90.62073,0.00095,5
90.64675,90.64607,0.00068,5
90.65051,90.64921,0.00129,5
90.66911,90.66901,0.00010,5
90.68952,90.68894,0.00058,5
90.71680,90.71529,0.00151,5
90.75326,90.75080,0.00247,5
90.82428,90.82162,0.00266,5
90.90041,90.89960,0.00081,5
90.97673,90.97566,0.00107,5
91.01804,91.01695,0.00109,5
91.03096,91.03054,0.00042,5
91.04244,91.04234,0.00010,5
91.05541,91.05531,0.00010,5
91.06631,91.06458,0.00173,5
91.08276,91.08166,0.00110,5
91.12204,91.12194,0.00010,5
91.27043,91.27033,0.00010,5
91.28651,91.28641,0.00010,5
91.29204,91.29062,0.00141,5
91.31677,91.31516,0.00160,5
91.34128,91.34118,0.00010,5
91.41081,91.41071,0.00010,5
91.43047,91.43033,0.00014,5
91.55046,91.54960,0.00086,5
91.56621,91.56600,0.00021,5
91.59285,91.59275,0.00010,5
91.61722,91.61712,0.00010,5
91.62283,91.62254,0.00030,5
91.65214,91.65165,0.00048,5
91.66995,91.66929,0.00066,5
91.68487,91.68477,0.00010,5
91.73598,91.73588,0.00010,5
91.76779,91.76769,0.00010,5
91.77119,91.76989,0.00130,5
91.77626,91.77571,0.00055,5
91.82017,91.82007,0.00010,5
91.87903,91.87838,0.00064,5
91.88001,91.87991,0.00010,5
91.88424,91.88291,0.00132,5
91.89591,91.89581,0.00010,5
91.93801,91.93730,0.00072,5
91.96128,91.96118,0.00010,5
91.99977,91.99952,0.00025,5
92.01662,92.01434,0.00229,5
92.10590,92.10580,0.00010,5
92.11066,92.10954,0.00111,5
92.16152,92.15934,0.00218,5
92.18006,92.17996,0.00010,5
92.20457,92.20352,0.00104,5
92.25700,92.25606,0.00093,5
92.26030,92.26020,0.00010,5
92.26962,92.26886,0.00075,5
92.27962,92.27900,0.00062,5
92.33020,92.33010,0.00010,5
92.35693,92.35536,0.00157,5
92.35916,92.35829,0.00087,5
92.37658,92.37591,0.00067,5
92.38623,92.38613,0.00010,5
92.51343,92.51291,0.00052,5
92.51612,92.51584,0.00028,5
92.55369,92.55055,0.00314,5
92.58315,92.58265,0.00050,5
92.64192,92.64110,0.00082,5
92.68572,92.68353,0.00219,5
92.73993,92.73895,0.00098,5
92.79406,92.79210,0.00196,5
92.82220,92.82034,0.00186,5
92.87118,92.87041,0.00077,5
92.92815,92.92549,0.00266,5
92.98859,92.98744,0.00114,5
93.00116,93.00003,0.00113,5
93.02611,93.02537,0.00073,5
93.06964,93.06827,0.00137,5
93.07434,93.07252,0.00182,5
93.10175,93.10140,0.00034,5
93.11121,93.10934,0.00186,5
93.11726,93.11716,0.00010,5
93.12407,93.12229,0.00178,5
93.12714,93.12678,0.00036,5
93.12932,93.12922,0.00010,5
93.13692,93.13682,0.00010,5
93.14018,93.13974,0.00044,5
93.15524,93.15435,0.00089,5
93.19346,93.19213,0.00133,5
93.20243,93.20145,0.00098,5
93.24462,93.24452,0.00010,5
93.24583,93.24573,0.00010,5
93.25703,93.25609,0.00094,5
93.26224,93.26142,0.00082,5
93.33060,93.32941,0.00119,5
93.33653,93.33541,0.00111,5
93.45316,93.45306,0.00010,5
93.45725,93.45656,0.00069,5
93.49284,93.49274,0.00010,5
93.50600,93.50452,0.00148,5
93.52521,93.52433,0.00089,5
93.55293,93.55283,0.00010,5
93.59165,93.59062,0.00103,5
93.65461,93.65221,0.00240,5
93.65732,93.65722,0.00010,5
93.66544,93.66395,0.00149,5
93.68888,93.68831,0.00057,5
93.71670,93.71660,0.00010,5
93.75465,93.75440,0.00026,5
93.76877,93.76817,0.00060,5
93.77223,93.77082,0.00141,5
93.82942,93.82932,0.00010,5
93.84218,93.84092,0.00126,5
93.86461,93.86414,0.00048,5
93.87681,93.87631,0.00050,5
93.90183,93.90020,0.00163,5
93.92472,93.92369,0.00103,5
93.97646,93.97581,0.00065,5
93.98595,93.98572,0.00023,5
93.99188,93.99178,0.00010,5
94.02493,94.02320,0.00173,5
94.05048,94.05004,0.00044,5
94.07457,94.07447,0.00010,5
94.12166,94.11999,0.00167,5
94.12971,94.12884,0.00087,5
94.14020,94.13858,0.00162,5
94.14534,94.14524,0.00010,5
94.15429,94.15270,0.00159,5
94.21197,94.21187,0.00010,5
94.21385,94.21264,0.00121,5
94.26688,94.26678,0.00010,5
94.33026,94.32959,0.00066,5
94.33810,94.33668,0.00142,5
94.35038,94.35028,0.00010,5
94.37172,94.37093,0.00080,5
94.45920,94.45833,0.00087,5
94.46769,94.46759,0.00010,5
94.54888,94.54778,0.00109,5
94.59912,94.59788,0.00124,5
94.60846,94.60836,0.00010,5
94.68083,94.67923,0.00160,5
94.76519,94.76509,0.00010,5
94.79969,94.79853,0.00116,5
94.83757,94.83747,0.00010,5
94.86841,94.86704,0.00137,5
94.87040,94.86973,0.00067,5
94.91982,94.91972,0.00010,5
94.96613,94.96560,0.00053,5
95.02169,95.02159,0.00010,5
95.03631,95.03576,0.00055,5
95.07649,95.07534,0.00115,5
95.13842,95.13778,0.00064,5
95.21550,95.21398,0.00151,5
95.34255,95.34184,0.00071,5
95.34851,95.34777,0.00073,5
95.42544,95.42500,0.00043,5
95.46874,95.46746,0.00127,5
95.52696,95.52527,0.00170,5
95.54359,95.54259,0.00100,5
95.55757,95.55578,0.00179,5
95.56339,95.56327,0.00012,5
95.57795,95.57785,0.00010,5
95.58282,95.58272,0.00010,5
95.69484,95.69399,0.00085,5
95.69809,95.69484,0.00325,5
95.70082,95.69979,0.00103,5
95.72658,95.72582,0.00076,5
95.74653,95.74471,0.00183,5
95.75196,95.75154,0.00042,5
95.76021,95.75974,0.00046,5
95.78334,95.78309,0.00025,5
95.79778,95.79636,0.00142,5
95.84202,95.84107,0.00094,5
95.87604,95.87439,0.00165,5
95.92994,95.92984,0.00010,5
95.96312,95.96302,0.00010,5
95.96390,95.96329,0.00061,5
95.97062,95.97018,0.00045,5
96.01602,96.01592,0.00010,5
96.02126,96.02056,0.00070,5
96.02415,96.02405,0.00010,5
96.08751,96.08496,0.00256,5
96.14196,96.14169,0.00027,5
96.21736,96.21656,0.00080,5
96.24066,96.23998,0.00068,5
96.24392,96.24230,0.00163,5
96.25131,96.25000,0.00131,5
96.28948,96.28938,0.00010,5
96.29365,96.29295,0.00070,5
96.32204,96.32061,0.00143,5
96.35074,96.35024,0.00051,5
96.37131,96.36985,0.00146,5
96.46863,96.46853,0.00010,5
96.49325,96.49259,0.00066,5
96.55459,96.55278,0.00181,5
96.57803,96.57793,0.00010,5
96.71784,96.71648,0.00136,5
96.72586,96.72480,0.00106,5
96.76890,96.76759,0.00131,5
96.79655,96.79457,0.00198,5
96.80421,96.80343,0.00078,5
96.82859,96.82849,0.00010,5
96.83486,96.83476,0.00010,5
96.86789,96.86779,0.00010,5
96.91987,96.91975,0.00012,5
96.92175,96.92107,0.00069,5
96.95975,96.95836,0.00140,5
96.99618,96.99490,0.00128,5
97.03453,97.03361,0.00092,5
97.04562,97.04407,0.00156,5
97.05449,97.05439,0.00010,5
97.09619,97.09578,0.00041,5
97.10125,97.10068,0.00057,5
97.11889,97.11879,0.00010,5
97.12132,97.12122,0.00010,5
97.12967,97.12758,0.00209,5
97.23482,97.23398,0.00084,5
97.25359,97.25349,0.00010,5
97.29768,97.29504,0.00264,5
97.31244,97.31188,0.00056,5
97.31847,97.31772,0.00074,5
97.33501,97.33491,0.00010,5
97.41128,97.40959,0.00169,5
97.42557,97.42492,0.00066,5
97.45132,97.45069,0.00064,5
97.47028,97.46891,0.00138,5
97.53394,97.53378,0.00015,5
97.53483,97.53438,0.00045,5
97.56427,97.56327,0.00100,5
97.58719,97.58530,0.00189,5
97.59536,97.59289,0.00247,5
97.62528,97.62433,0.00095,5
97.65450,97.65309,0.00141,5
97.66206,97.66101,0.00105,5
97.66370,97.66311,0.00059,5
97.67636,97.67626,0.00010,5
97.73657,97.73601,0.00055,5
97.81280,97.81229,0.00051,5
97.84541,97.84371,0.00170,5
97.86311,97.86301,0.00010,5
97.90943,97.90722,0.00220,5
97.90977,97.90943,0.00034,5
97.91255,97.91091,0.00164,5
97.92809,97.92799,0.00010,5
97.95083,97.95073,0.00010,5
98.00252,98.00211,0.00041,5
98.02350,98.02235,0.00115,5
98.11838,98.11658,0.00180,5
98.15501,98.15491,0.00010,5
98.15928,98.15889,0.00039,5
98.16457,98.16322,0.00136,5
98.30905,98.30842,0.00063,5
98.32070,98.32060,0.00010,5
98.33453,98.33443,0.00010,5
98.34227,98.34100,0.00127,5
98.34237,98.34227,0.00010,5
98.34510,98.34360,0.00150,5
98.36044,98.36034,0.00010,5
98.43168,98.42964,0.00204,5
98.43572,98.43562,0.00010,5
98.44717,98.44560,0.00157,5
98.46219,98.46014,0.00205,5
98.46941,98.46867,0.00074,5
98.49655,98.49645,0.00010,5
98.50037,98.49929,0.00109,5
98.52320,98.52292,0.00028,5
98.59481,98.59471,0.00010,5
98.66661,98.66566,0.00095,5
98.67248,98.67238,0.00010,5
98.68953,98.68943,0.00010,5
98.77405,98.77369,0.00036,5
98.78969,98.78781,0.00188,5
98.80264,98.80254,0.00010,5
98.82028,98.81987,0.00042,5
98.84122,98.84112,0.00010,5
98.85979,98.85902,0.00077,5
98.89060,98.88952,0.00108,5
98.93446,98.93354,0.00092,5
98.94958,98.94885,0.00073,5
98.99338,98.99328,0.00010,5
99.12146,99.11934,0.00213,5
99.13470,99.13237,0.00233,5
99.16519,99.16484,0.00035,5
99.17158,99.17102,0.00057,5
99.20524,99.20392,0.00132,5
99.30924,99.30836,0.00089,5
99.37430,99.37304,0.00127,5
99.38534,99.38418,0.00117,5
99.38743,99.38730,0.00013,5
99.42648,99.42499,0.00149,5
99.49354,99.49344,0.00010,5
99.57726,99.57716,0.00010,5
99.64020,99.63966,0.00053,5
99.64591,99.64429,0.00162,5
99.66209,99.65975,0.00234,5
99.71754,99.71731,0.00023,5
99.72873,99.72627,0.00246,5
99.73802,99.73736,0.00065,5
99.74339,99.74329,0.00010,5
99.74669,99.74659,0.00010,5
99.75129,99.75069,0.00061,5
99.75281,99.75129,0.00151,5
99.80444,99.80150,0.00295,5
99.84950,99.84940,0.00010,5
99.85165,99.85064,0.00101,5
99.86044,99.85886,0.00158,5
99.86234,99.86218,0.00016,5
99.87866,99.87638,0.00228,5
99.88038,99.88028,0.00010,5
99.88287,99.88122,0.00166,5
99.88870,99.88830,0.00040,5
99.91663,99.91495,0.00168,5
99.91812,99.91712,0.00100,5
99.98260,99.98181,0.00079,5
99.98909,99.98816,0.00093,5
